3,Liked old body style better,Shelia Jackson ,06/17/2016,3,3,3,,,5,5,3,3,,,"If you had and loved the 2003-2008 Matrix or Vibe, you will most likely be disappointed in the body style that came out in 2009. The hatchback window doesn't open, the larger engine isn't as fuel efficient, and it doesn't have the roof racks. The clutch in my 2009 Matrix is very hard to engage. I had my 2003 Vibe for 7 years and had well over 200,000 miles on it before I totaled it. In my haste to get as close to the same car, I bought the 2009 Matrix. After five months, I'm trying to find a low mileage, pre 2009 Vibe or Matrix and sell the one I have now.",,
,,,,,,,,,,,,,,,,,
4,Matrix - Better than the sum of it's parts,Ken Tejada ,04/16/2016,4,4,5,,,5,4,4,4,,,"To give context, my previous car was a 2003 Mazda Protege5 - 5-speed manual. That car had fantastic handling and it felt faster that it was. This car is a better car. It feels more solid, not as tinny as the Protege5. It is not as fun as my Mazda, but it is close enough. The rally style 5-speed manual shifter mounted on the Matrix's center console feels accurate with rifle bolt precision. Steering feedback from the electric unit was decent. The suspension is firm but comfortable, sporty but not a sports car suspension. The interior feels cavernous to my 5'8"" frame.  Acceleration is good from the 158 hp 2.4L engine. The car is not WRX fast, but fast enough. Passing on the highway is a breeze, thanks to the ample torque (162 lb-ft). It feels nice that the Matrix can still pull from only 1500 RPM in top gear. Front seats are comfortable as well as the rear seats. The rear seat is not that wide though. The rear seat can hold 2 people comfortably but 3 full sized adults will be cramped. The rear cargo hold is pretty large. The seat cloth is of good quality, but it would have been nice if there was a leather option. I compared the Matrix's rear cargo area to my friend's 2010 Scion xB and it indeed holds more cargo even than the xB, even though the xB has a more  functional square cargo area. We verified this by stacking 32 count spring water bottle packs at a Wal-Mart in NJ. The Matrix could pack more water bottle packs than the xB. Who knew!?!? And this is with the rear seats up. BTW, the rear seats fold flat so you can effectively double your cargo capacity. That came in handy for my IKEA trips. The JBL audio system, JBL subwoofer and JBL speakers sound great, no need to upgrade for now. The overall fuel economy is 27 mpg, 80% highway. This car has been pretty reliable so far. I deducted a star because of the outward vision, engine and fuel economy. The front pillars are real think. Sometimes, you can't see people crossing near you in the city, very odd. Others point to the rear visibility as a problem, but Toyota has provided large mirrors, if adjusted properly will get largely get rid of the blind spots. The engine, though smooth, eats some oil, despite filling it with Mobil 1. You have to check your dipstick more often to make sure you are not low on oil. The fuel economy should be better for a 4-cylinder. In addition, the paint could have been more lustrous and there could be less hard plastic everywhere, but this is a Toyota, not a Lexus. There should not have been so much hatred from the automotive press for this car. The car handles well, is fairly comfortable, has good acceleration, good sound system, cavernous interior space for 4 people or for cargo. True the interior could have been more upscale considering the MSRP at the time, but that alone should not have drawn the ire of so many automotive journalists. I guess these journalists don't understand that regular people are fine with vehicles that can do many things well, which is what this Matrix does. True the Matrix is not as fast as 370Z, as fuel efficient as a Prius, or as good a people and cargo hauler as a Sienna, but that's OK. At least for me it is. Just test drive any vehicle before you completely pass judgment based on what the press opines.",,
,,,,,,,,,,,,,,,,,
5,Very Happy Matrix AWD,Deepak ,02/13/2016,5,4,4,,,5,4,5,4,,,,,
,,,,,,,,,,,,,,,,,
5,Best car I have owned,Anthony ,09/15/2015,5,5,5,,,5,5,5,5,,,"This car is great! Honestly the only thing I could want is more power!!!! But thats just my led foot and v8 love talking.  I dont understand people saying the car has blind spots.... I haven't found one yet. I did add on the little 1inch bubble mirrors for extra help but I have always added that to all my cars. The get up and go rocks as long as you disengage the traction control... then you can screech the tires a bit. The ride in the xrs is a bit hard but ill a tribute that to the stiff sports suspension. Yah the car was a bit loud on the road but all Toyota's are. Add some dynamat from your local car audio shop and enjoy the car i did. Im 6'2"" and have more than enough leg and head room in both the front and back seats.",,
,,,,,,,,,,,,,,,,,
5,Don't Believe the Negativity,matrix09lover ,09/21/2013,,,5,5,5,5,,5,5,5,5,"I've owned my 2009 XRX Matrix since the 1st one came into the local showroom in Feb 2008. Positives: I get 27mpg in town & 30-35 on the freeway with the 2.4L engine. I'm 6'3"" and have plenty of headroom. I love the smart gears which allow me extra power going up hills or lower gearing for the heavy snows. The storage is great and I've gotten lots of compliments on the rear seats. I love the peppiness and get up and go the car has when getting on the freeway. Cons:Yes, there is a lot of road noise and performance tires needed for the XRS trim are more expensive than regular tires and only last 36K-40K miles at the most. This is a great car. I plan on keeping it a long time. ",,It would have been nice for the top of the line XRS to have a power seat and for the front passenger seat to have a raise and lower feature same as the driver seat. It can be hard to see out the back due to limited visibility. 
,,,,,,,,,,,,,,,,,
2.5,I can't believe anyone has anything good to say about this car!,hatematrix ,12/05/2012,,,2,3,3,4,,3,2,2,1,"We bought the Matrix because we travel and it had the room we needed and thought it would get the gas mileage we wanted.Okay-1 out of 2.But the car is a death trap.We've had 4 accidents because of the blind spots.A salesman from Toyota called and asked if I would be interested in trading my car--I told him no one would want it and I wouldn't want to sell this car to an unsuspecting innocent person.I've had several Toyotas and never had a complaint.But the only thing I can find positive besides it starting everyday, is the handle to close the hatchback and the abundance of drink holders.Starting everyday is good!","Drink Holders, Handle on Hatchback.
Plenty of space in the back","Too numerous.
I was told they quit making the Matrix--that was the best improvement."
,,,,,,,,,,,,,,,,,
4.875,Perfect for me,09trix ,08/25/2012,,,5,5,4,5,,5,5,5,5,"I got this car over a year ago to replace my first car, an Oldsmobile that broke down at least once a month. As a young girl in college, I wanted something reliable that also looked nice. I love the unique look of the XRS, the interior is comfy, and everything is easy to use. I know a lot of people aren't happy with the gas mileage in the 2.4L but it's fine for me, I get about 30mpg on the highway. I also LOVE how much space it has; I was able to haul a full-size mattress in it! The only complaint I have is that it's a little cheaply made... the paint flakes off the hood way too easily and the interior scratches very easily. Other than that, no complaints. This car is just what I needed.",,
,,,,,,,,,,,,,,,,,
3.25,Toyota onslaught of Service Bulletins,matrix1_8l ,12/03/2011,,,3,4,3,2,,3,4,3,4,"I bought this car originally because I wanted to replace my old hatchback with something reliable and fuel efficient. So I went for the 1.8L up until now I had gotten what I paid for. The issues started when I went hit the 50000 mile mark. Since then I have been to the dealership service center over 5 times for major repairs.All of which are documented in Service Bulletins. The latest issue affects all matrix and corollas with the 1.8L engine and will not be covered after the 60000 mile warranty runs out. They actually have to go in, take apart the engine and replace engine components of the crankshaft assembly. That doesn't seem reliable to me.",I personally like the sound system and fold-flat back seats. The car has a spacious interior and a sleek look on the outside. ,The clutch on the manual transmission can be temperamental. I've had the car turn off on me various times when accelerating from a stopped position. There have also been times when the reverse has not engaged properly even when the car is fully stopped and the clutch is fully pressed in. 
,,,,,,,,,,,,,,,,,
2.5,I hate it I hate it I hate it,deafmatrixdrvr ,11/24/2011,,,5,3,1,3,,4,1,2,1,I swear the thing has damaged my hearing it is so loud.The door seals are one poor design and allow air to whistle and roar through the car.Took it back twice and they replaced the seals with no improvement. Finally ran silicon sealant around behind the seal and that has helped a lot.Tire noise very loud.Loud gear whine at 35 MPH and You can't shift into reverse without double clutching or hammering the stick.Both normal per dealer.Impossible to back up at night.Stupid automatic headlights can not be turned off and backup lights are too weak.Gas mileage is poorer than my Camry with same motor and tank is too small.Max of 300 miles and it's on Empty.,"We bought the car because I'd had good luck with my 2003 Camry and because the Matrix has a ton of room for hauling stuff.
Seats fold flat - even the passenger's.
The 2.4 is peppy and the seats are comfortable.","Better door seals.
Better sound insulation.
Better transmission.
Some way to override automatic headlights other than leaving the emergency brake on.
Brighter backup lights.
Smaller side mirrors (big blind spot on left makes it hard to see when turning left.)
Better gas mileage.
Larger tank.
Tone down the too bright Passenger Security lights.
"
,,,,,,,,,,,,,,,,,
2.625,Big Disappointment,camrykiller ,03/18/2011,,,2,3,1,5,,3,3,3,1,"I bought this car because it looked cool, and I always had Toyotas.I thought it would be fun to drive, and good on gas.Wrong.The car is ridiculously boring to drive.At 49,000 miles, the paint is peeling off the hood and front bumper...should be rusting soon.This car has the worst blind spot in auto history with the ridiculous pillar thing in the back rear.The interior is cheap, and it drives like a tonka toy car.Although the car will probably run forever, I would not buy this car again.I traded it in at 49,000 miles for a 2007 Honda Accord.Let me tell you....There is no comparison! The Toyota Matrix is so boring to drive and is a waste of money unless you just want A to B","Mp3 input, hatch, and fold down seat","Get rid of that pillar thing (blind spot..accident waiting to happen)
More horsepower for uphill
Better quality paint
More comfortable interior
Roomier interior
Better stereo
Less plastic in the interior....looks like it cost $4.99 to manufacture the whole front dash
Toyotas have gotten so cheaply manufactured.
My 2000 Camry was made so much better than this thing, and that was 9 years previous"
,,,,,,,,,,,,,,,,,
4.25,Didn't Know What I was Looking For Until I Found It,tandem2 ,02/03/2011,,,4,4,4,4,,4,4,5,5,"I had been looking for a vehicle to give my 2001 Trooper a rest for the work commute.I had driven everything from BMW X3's to the Nissan Cube and was really getting disappointed.Then I got behind the wheeel of a 2009 Matrix XRS with 10k miles on it...WOW! Within 5 minutes I knew that I had found the vehicle I was looking for. Comfortable for my 6 foot frame, sporty, fun to drive, relatively economical and pretty darn practical for the exterior dimensions. It has been 3 months since the purchase and my wife and I are still commenting how pleased we are with the car.We some long (400+ mile) trips coming, and we are looking forward to them.Great job Toyota!",,
,,,,,,,,,,,,,,,,,
4.375,My Matrix Design Saved My Life,staylor80 ,10/03/2010,,,4,4,5,5,,5,4,4,4,"I bought the Martix for it's carrying capacity & for my dog.  BUT, it was destroyed two days ago in a 5 car collision.  I was rear ended 3 times at 55 mph, & struck pick up in front of me.  I walked away with minor injuries.  EMS & police all commented on the quality of how the vehicle stood up under that assault and the EC nurses were amazed. So, I will be replacing it with a new 2010 model later this week with NO hesitation.  The only thing is, I'm looking for way to keep cargo contents from flying around in a crash (things too big for the net that came with the car).","crumple zones, air bags, seat belts, and interior design.",Easier access/suggestions for barriers to keep contents from cargo area from intruding in to driver/passenger seat part of cabin.
,,,,,,,,,,,,,,,,,
4.875,Love My Matrix!,Renee ,08/29/2010,,,5,5,5,5,,5,5,4,5,"I have had this car for over 2 years, and I haven't had any problems with it. It's fun to drive, handles well, and entertains me when it accelerates faster than other cars that should, by virtue of their purchase price, easily be able to take mine off the line from a traffic light. It's easy to find in any parking lot since I got the gold/orangish color, and the stereo system is awesome as it belts out tunes.  Very minor complaints include the mediocre fuel economy. Also, my windshield used to make odd noises from to time but hasn't done that in a while. And if you don't buckle up that seat belt, Matrix will remind you (with 50 fast beeps).","Zippy acceleration, comfortable seats, roomy interior","Please, for the love of mankind, add a kill switch for that infernal seat belt reminder. If I want to drive .5 miles from my grocer to home I don't want Matrix big brothering me. "
,,,,,,,,,,,,,,,,,
3.25,2009 Matrix get a 1.8 engine not a 2.4,Dude ,08/27/2010,,,5,5,4,3,,4,1,1,3,The Matrix 2009 is a great looker but terrible on gas mileage maybe 17 if I am lucky. If you drive like a old man at 55 maybe get 20.  I screwed up and wanted power and bought the 2.4 engine instead of the 1.8 . With a 2.4 the gas goes down these fuel injectors like its no tomorrow. It's really a shame I picked a gas guzzler and it doesn't look like a SUV.,color,better gas mileage and better ride those small wheel are no good really bumpy
,,,,,,,,,,,,,,,,,
2.75,Literally feel every bump on the Road,my2009toyotamatrix ,08/25/2010,,,5,5,3,1,,5,1,1,1,"In 2009 Toyota came out with a new sharp style Matrix with powerfully 2.4 engine instead of 1.8 . So I bought it after what I thought was a long test drive. After having it for a while It started bugging me with the road noise driving literally any where. Road noise and bumpy ride is finally starting to drive me nuts.  It has those showy 17 inch rims with hardly any tire meat on them to absorb simple roads conditions. It looks like 2 inches thick makes a really terrible bumpy ride. Now I am stuck with a $20,000 car that looks cool but rides like a milk truck. They made the disk brakes so big you cant change it for a smooth ride, I better trade it in before word gets out. This car is done. ",looks,"I want 15"" to get a smooth ride, they said you can only go to 16 inch because the calibers and rotors are huge you cant go to 15 inch it didn't clear the caliber brake system it got stuck no clearance at all. Bummer and 16 aren't going to do much for a better ride because its only another inch more "
,,,,,,,,,,,,,,,,,
4.875,Very happy with this car,snowman ,07/31/2010,,,5,5,5,5,,5,5,4,5,"I am very impressed with Matrix and the versatility it offers. There is plenty of room in the back, especially if the seats are folded down. It is zippy and handles very well on the road. I agree that the visibility out the back is a bit limited, and I am also under the impression the paint may be prone to chipping. I also like the higher seating position as it makes getting into and out of the vehicle much easier. No issues after two long trips, and I don't believe it is any noisier on the highway than most other cars.","Fun to drive, plenty of pickup, good seating position, intuitive dashboard.","Perhaps fuel economy, but I'd hate to sacrifice that extra zip."
,,,,,,,,,,,,,,,,,
4.75,Great Car,Happy Matrix Owner ,04/12/2010,,,5,5,5,5,,5,4,4,5,"This car has been excellent in all ways. Very dependable, quiet and comfortable. Yes, a bit of a blind spot, but if you know about it, them you adjust the mirrors and compensate for it. Surprising amount of room for both passengers and for hauling stuff. Tinted the windows and it looks nice and sporty.",Ease of driving and dependability.,
,,,,,,,,,,,,,,,,,
4.75,Good so far,Pleased so far ,02/21/2010,,,5,4,5,5,,4,5,5,5,"I've had this car for a year now and have put 10,000 miles on it.  I have been pleased so far.  Paid $16,500 for base model with auto, air and power windows.  Getting over 30 MPG in mixed highway/city driving.  Keeping between 60-65 I can get about 38mpg on the highway.  With the back seats down and the front seats up, a twin size air mattress will fit in back.  The back seats have plenty of room for 2 adults.  Handles relatively well in the snow.  Despite all the news about recalls I've had no problems with quality so far.  ",Flat folding back seats.  Good city driving fuel economy.,Flat folding front seat on base model. 
,,,,,,,,,,,,,,,,,
4.625,i like it,dragon ,02/12/2010,,,5,3,4,5,,5,5,5,5,taken on 3 long trips over 300 miles each never had any problems w/noise or anything else i find it a joy to drive and still get great mileage approx 28 in town,the headroom as a woman over 6 ft it makes it wonderful to take on trips and not be uncomfortable even in the back seat,
,,,,,,,,,,,,,,,,,
2.75,update,gthumb ,02/03/2010,,,3,2,1,1,,3,3,5,4,"posted a review last Nov. since then the weather has turned colder, more rattles, and the windshield sounds as though it is going to pop out. More paint has chipped off the front end, noise inside the car has increased, and the recall has added to the loss of resale value. I will never by a Toyota again.",gas mileage,"Improved build quality, improved Toyota customer service, better public relations on Toyota's part, how about Toyota takes responsibility for a problem without being pressured to do so???"
,,,,,,,,,,,,,,,,,
3.5,Luv that Matrix?,george ,01/21/2010,,,4,4,3,3,,4,3,3,4,"We have owned the Matrix for a year.   We purchased at the peak of the gas price run last year and its clear that Toyota gave us no price breaks. We paid $21,000 for the 2 wheel drive car.   Its a fun peppy hard riding car with style.    Its got poor visibility out the back and only OK mileage.  I have the metallic red, no paint chips so far!",,"The goodyear tires, standard OME, were a poor choice, purchase snow tires.   The Toyota bike rack is a strange contraptions, Thule just released a fit kit for the 09.   Wheel Rims, 09 sold with 2 sizes and no info in the manual.   5spM, AWD have bigger lug spacing. 4&5spA same as old models."
,,,,,,,,,,,,,,,,,
3.75,Great car my awd,HWR ,01/19/2010,,,3,4,4,5,,5,3,2,4,"We purchased our 09 matrix in 2008. At the time living in snowy area we got the awd-s model with the 2.4 litre Camry engine. Traction control on snow/ice fantastic. Not too many other cars can beat it from a light, eccept maybe a sports sedan with a v-8? paint chips easily, seats uncomfortable&blind spots, mileage is o. k. 28-30 mpg on highway. Overall the car is good. 31,000 miles&only oil changes. All 4 tires will need to be replaced soon. Remember, it's awd!",,
,,,,,,,,,,,,,,,,,
4,Is Toyota ever going to do what I want?,windysun ,01/18/2010,,,3,5,3,5,,5,1,5,5,"I love my 09 Matrix. My tall kids are comfortable in the back. I think it is the best looking car for this class. However, Toyota skimps on little luxuries. If this car were made by Lexus under a different name, I would buy 3. This car needs more comfortable seats. As usual, it is bare bones. I don't feel I paid bare bones price though. When you hit a curb or something, holy cow. The whole car gets a jolt.","Styling, AWD, roominess.","More comfortable seats, more luxuries. Also MORE COLOR CHOICES."
,,,,,,,,,,,,,,,,,
3.75,2009 matrix 4d hacthback,abstract007 ,01/15/2010,,,4,4,3,4,,4,3,4,4,"I replaced a vw beetle with the 2009 matrix its good not to be in the every month. So far so good its lacking pickup the automatic transmission could use improvement in order to get power I have to be hard on the kickdown but it will reach 110mph on a good day with a tail wind. Toyota need to improve the transmission, noise level fr;under carriage, front suspension easily get out of alignment,fuel 31mpg average I commute it meet the daily needs ",,
,,,,,,,,,,,,,,,,,
4.625,Pleasure to own/drive since day one,Evan ,12/21/2009,,,5,5,4,5,,4,5,5,4,This car has been a pleasure to own/drive since day one. Toyota did an excellent job at making an inexpensive car look and feel twice what I paid for it.  Also the headrest is perfect! If you are looking for a great car that's budget friendly this one is definitely worth a look.,"Gas mileage, cargo space, keyless entry beeps, aux, outside temp  display, stereo, Toyota reliability, low on maintenance. ","More interior choices, standard sunroof, standard audio controls on steering wheel, ability to over ride auto headlights. "
,,,,,,,,,,,,,,,,,
3.125,Marixn 09 disappointing!,Poormel ,12/06/2009,,,2,3,3,4,,4,2,4,3,"Not particularly fun to drive, has awkward sitting position, seat doesn't travel far back enough for my comfort. I get a back ache after 2 hours of driving, which I don't get in my '01 Corolla. Emergency brake lever placed in a bad position, it seems to be always in the way and can easily be pulled up by a child or you by accident. It creates a cramped area in between 2 front seats.  Rear seating room is very limited. Doors sound cheap when closing them.   ","Rear room is great, mileage not too bad, good brakes. Stereo is decent quality. ",Definitely Front Seating room and mobility of seats an issue. Place the emergency brake lever on the floor to create more space between the 2 front seats and make it more safe. 
,,,,,,,,,,,,,,,,,
3.625,Disappointed,matrixok ,12/02/2009,,,4,4,2,4,,3,4,4,4,Paint chips all over. Will have to have it repainted. Blind spot in the back. Gas mileage is good. Had tire blow out and had to replace 2 tires and rims. This was due to something the dealer did but as another review said the dealers do not own up to anything. On 3rd radio. Transmission seems to be slipping. Interior is hard to keep clean,"style, roomy, handling","Blind spot, paint used, tire change for a better ride, honest dealers."
,,,,,,,,,,,,,,,,,
2,Worst and Last Toyota I will ever own,Disillusioned ,11/29/2009,,,2,3,1,1,,2,2,4,1,"This is the absolute worst car I have ever owned in my life, even worse than the used clunkers I drove when I was young and had no money.   I have previously owned two Toyotas, which I absolutely loved (Corolla SR5 and an MR2).  In this case, the third time is definitely not a charm.   The car has no power, does not shift smoothly, the rear visibility is terrible, and the defrost leaves a lot to be desired.   It is too bad that Toyota does not offer the same deal that General Motors does (i.e., give it back in 60 days if you are not satisfied), otherwise, this car would have been brought back in a heartbeat.   Please run, don't walk, if someone tries to sell you a Matrix.",Gas mileage.,Too numerous to mention.
,,,,,,,,,,,,,,,,,
4.125,Mad,mary ,11/05/2009,,,4,2,3,5,,5,4,5,5,"I bought the Matrix because I heard Toyota was a great car. I owned my Matrix for a month when I noticed paint chips on the hood, roof & back bumper. Took it to the dealership, they had the hood redone & touched up the roof & the bumper. That upset me. I thought it should have been repainted. Mind you I spent the extra 2000 & for the protective coating. One month later it's chipping on the hood & roof again. They sent me to the gentleman who repainted & touched it up the first time. I don't believe it's his fault. They should be dealing with it.",I do like the way it drives.,Paint needs big time improvement. Seats not so comfy & they stain easy. I have the protective product on them to.
,,,,,,,,,,,,,,,,,
3.5,Owned for over one year,gthumb ,11/04/2009,,,3,3,1,4,,3,4,5,5,"This car drives very easily, however the fit and finish is horrible, rattles since day one, tire issue within 1st 3 mos. Toyota service awful, seems very cheap, not worth the price, poor paint quality, paint is chipping off the hood, design looks nice, but the front end needs a redesign to prevent the damage done to it from simple everyday driving.","Steering is very easy, good gas mileage (ave. 33mpg).","Better front end design, ipod connection standard, better fit and finish, better quality paint, better Toyota service (nothing is ever their fault)."
,,,,,,,,,,,,,,,,,
4.375,A nice small hatchback.,Anthony in Charlotte ,09/03/2009,,,4,4,5,5,,4,4,5,4,"I needed an economical, affordable, and reliable car for around town and to commute to work in.  The Matrix fits what I need exactly, it's big enough for a child seat in the back seat, has the versatility of a ""mini"" SUV, is pretty stylish, and is actually fun (enough) to drive every day.  The 1.8L with 5 speed won't win any races, but is surprisingly smooth and refined, especially on the highway.  I know a lot of reviews on the new Matrix are filled with critics, but I really think it's a great little car for what it tries to be.  Our other car is a Lexus, and our 3rd Lexus - the Matrix gauges have the same feel of the new IS, really.  Give the Matrix a shot, I'm glad I didn't buy a Civic.","Fuel economy, front styling, practical.","Alloy wheels on base model, better base sound system."
,,,,,,,,,,,,,,,,,
4.75,Love my Matrix,RM ,08/21/2009,,,5,5,5,5,,5,4,4,5,"Great performance, so far has been reliable. I've enjoyed driving this car. Handles great. Headrest is very uncomfortable, causes pain in the neck and back. A little hard on fuel. Other than that I would say Matrix is a great car, I have a S AWD.","All, except the headrest.",Headrest is extremely uncomfortable.  Would like to get better fuel miles.
,,,,,,,,,,,,,,,,,
4.75,"Few Problems, but Like Car",Ms. Doll ,08/16/2009,,,5,5,4,5,,5,5,4,5,"I actually really like my 09 Matrix S, but I have run into a few problems.  My seats spot too easily during rainy weather. There is a blind spot in rear window. Gas mileage is not as great as it could be.  My stereo keeps blacking out/powering off and is suppose to be replaced next week.",Performance is great.  I love my Sundance color.  Dealership staff is always great when I take my car in for service.,"Better paint, because it does seem to chip easily.  Different seat material to prevent so much spotting.  Better stereo system to prevent malfunctions.Better gas mileage. Less of a rear blind spot."
,,,,,,,,,,,,,,,,,
4.375,2009 Toyota Matrix,2009 Toyota Matrix ,08/01/2009,,,5,5,5,5,,4,4,3,4,I have had my Matrix for one year today and have loved every minute of it. I drove my first Matrix as a rental car in 2005 and had wanted one ever since but did not like the 1.8 liter engine. When I found out that the car had been redesigned in 2009 with a 2.4 liter engine I jumped on the chance to get it. The gas mileage is a little low but is well worth it in my book. I would definitely recommend the Matrix if you want both the hauling capability of a small truck and the ability to haul four people easily.,I love the cargo space the most. I no longer have to rent a truck to haul larger items. My husband is tall so he likes the extra head room. I also like the higher seats. I don't feel like I am getting off of the floor when I climb out of it. ,The sport model could get better gas mileage. I got the Metallic Gold/Bronze color and the paint seems to scratch easily. I was offered a paint protection plan during the purchase which I declined. I wish I had gotten it now. Be mindful of that if you choose to purchase Matrix in this color. 
,,,,,,,,,,,,,,,,,
4.25,It's Been Very Good,Good Around Town ,07/27/2009,,,3,5,2,5,,5,4,5,5,"I bought this 2009 1.8 4cyl / auto March 2008. I drive 50 miles a day and it has been good on gas 28-30 in town & 32-35 Hyw. The seats looked cheap so I bought some leather seat covers for $20.00 each and they been very comfortable. I have noticed the Paint is very cheap there are lots of chips on the hood ! A bicycle ran into the front when I was parked and pushed the bumper off to the side about 1/2 inch. I wonder how it would be in a real accident? We took a trip from Tulsa, OK. to Whittier, Ca. 3500 miles and had a very nice trip. The 1.8 cyl ran up over all the mountains with cruise control, on and the air conditioner on, and never slowed or had any problem. We're home safe and loved it.","The electric assist steering and sports car like handling. The Fuel economy and the Price we paid - $14,000.",Better quality paint !!! A higher quality interior !!!
,,,,,,,,,,,,,,,,,
4.375,Reliable and Practical,axiom ,07/10/2009,,,4,5,4,5,,4,5,4,4,"I'm echoing what CarParker already mentioned - he has said the best. It really is a sport hatch for the pragmatic. This car feels confident on the highway and quick in the city. I personally prefer the styling of this Matrix to a lot of its competitors out there. They did a great job with the front grill. The suspension is hard and the ride can be rough in the city, but this is expected from a car of this type. Nonetheless, the stability control works well. Brakes are excellent and the seat are very comfortable for me (I'm about 5'11 200 lbs). Comfort is a premium for me since I have issues with my knees for long journeys. Overall, this matrix gives you a smooth ride and great gas mileage. ","Plenty of cargo space with hatch, very reliable, looks great (I have the black sand pearl color), practical, good gas mileage, stability control, great pick up from dead stop, and a functional interior.  This is a very good bargain.","Rear visibility is a bit lacking. Road noise. The ride in the city can be rough, perhaps different tires or adjust psi? Interior center console can use some sprucing up. "
,,,,,,,,,,,,,,,,,
3.5,I really like this car!,Ken ,07/04/2009,,,1,5,4,5,,2,3,4,4,"I've owned this car for about a month and my conclusion is I really like this car.  Had an Accord prior and wanted to size down for more gas savings and better maneuverability with a small vehicle with good storage space.  I liked the balance offered by the Matrix and thus far it has been a great little car. I got the 1.8 engine on purpose to save gas, and it is surprisingly peppy.  I'm going to the beach and it's amazing what I can fit into such a little car. I'm having a blast!","Storage area with fold down flat seats, automatic head lights, the outside look of the vehicle, and gas mileage.","More storage areas in this vehicle, upgrade interior material, and a little more width in back seat to fit 3 adults."
,,,,,,,,,,,,,,,,,
4.875,Harsh Ride Has Gotten Better,twocruzin ,06/29/2009,,,4,5,5,5,,5,5,5,5,"No problems with this car in the 15 months I've had it.  My only complaint is the way it rides on those low profile tires (45's).  I think I have finally figured out the best air pressure for the best ride at 4k elevation.  I've gone from the recommended pressure of 32 psi up to 35 and down to 30 and then 28.  At 28, the ride was pretty good, but you could tell the tires were a bit soft as the handling was just a little mushy.  Plus it's not really recommended to go that low as the tires can heat up excessively and cause a blow out.  All this said, I've now gone to the other extreme and am running them at 38 psi, and this actually is the best yet.  I think I'll leave them there.",The height of the car and the visibility.,Lose the extremely low profile tires -  55's or 60's would be more tolerable.
,,,,,,,,,,,,,,,,,
4.625,Better than Professional Reviewers Say.,CarParker ,06/25/2009,,,4,5,5,5,,4,5,4,5,"I read a lot of tepid & dismissive reviews before I purchase the Matrix S. I've driven many of the cars recommended as alternatives. I think the problem is perception. The look of the Matrix is a bit sportier than its performance. But the gap between its main contender, the Fit, is even greater. If you accept that no one really cares what you drive, so don't rely on your car to define your personality, what you get in the Matrix is Balance. I think this balance is what confounds the automag pros. A little sporty, a lot practical, amazingly reliable. Design is Clean & Simple, Driving is Balanced & Poised. Quick & smooth without being completely lifeless. A sport hatch for the pragmatic.","I like the ground effects. The AC vents are great, a small detail but I detest vents that won't aim or stay put. I love the AutoStick. My wife can drive auto, and I can shift. Shifting works best 'clean'; rev it, get off the gas, shift up, hit the gas. It's nice to flip into 'D' if my cell rings.",I love the clear Gauges and lack of buttons on the steering wheel. The controls are clean & simple. A little more color on the console would be nice. Maybe red rings around AC controls that match the Opitron gauges. That would make the interior pop a bit more.
,,,,,,,,,,,,,,,,,
3.75,Decent car,Jason ,06/23/2009,,,4,4,4,3,,5,4,2,4,"As a previous Matrix owner I had certain expectations for the new model. My previous was a 2005 XR, my new model is the larger motor S with a 5 speed auto. The new model has much better pickup and feels more confident on the road. The downside to this is the fuel economy is lackluster. My best mileage when all highway miles was just at 30 mpg. My old matrix I averaged 30 overall with a lot of city driving, and had more than a few 36 mpg tanks. So far after only 5800 miles I've averaged 23 mpg with this car. For comparison, my old V6 Oldsmobile Alero got better mileage. I'm very disappointed in the fuel economy of the larger engine, I keep my tires inflated properly and drive conservatively.",The engine has much better acceleration than previous model. That is mostly from the larger engine.,Address the fuel economy of the 5 speed automatic with the 2.4 liter engine. I've been getting worse overall (and highway) mileage that I received on my 2001 V6 Oldsmobile Alero. 
,,,,,,,,,,,,,,,,,
4,Problems with the seats ,annemarie  ,06/07/2009,,,1,5,1,5,,5,5,5,5,"2009 Toyota matrix ....Grey interior ....problem with seat staining from getting wet, seats replaced 2 times front and back still having the same problems ....3 water leaks.....replaced the carpets....car still smells mildew...Is this Toyota quality???? Toyota needs to do something!!!!!!! I had a 2005 matrix - good little car, shouldn't have ever traded in.",,
,,,,,,,,,,,,,,,,,
5,Trip Mileage,Lou ,06/04/2009,,,5,5,5,5,,5,5,5,5,I recently came off a trip and the mileage I got with my Toyota Matrix was 40 mpg going and 41 mpg returning. It's no bull. I couldn't believe it myself. I never drove over 62 mph; used cruise control; and I was the only person in the car. The car operated flawlessly. I'm 73 and this is probably the best vehicle I have ever owned. I have owned many.,,
,,,,,,,,,,,,,,,,,
4.625,Good value,Baystater ,05/25/2009,,,5,5,5,5,,5,4,4,4,"Bought an'09 base model 1.8L manual with power package June 1 of 2008 for 16K.  Have 13500 miles on it.  Smooth ride, smooth shifting, excellent stability control for cornering, excellent disc brakes, decent gas mileage (28-29 city and 34-35 highway), good cargo capacity (can fit my bike w/o taking wheel off), very readable dash, adjustable telescopic steering wheel, seat comfort lacking in lumbar support, poor paint job (easily scratches from road debris), and horrible rear visibility (almost didn't buy it because of poor visibility).  Given price difference with a Prius, e.g. 16K vs 23K, I figured it was a better value.  Glad I bought it.  ","brakes, cargo space, driver's seat a couple of inches higher than most comparable cars, stability control, smooth ride and smooth shifting, price, extremely reliable ","Improving rear visibility is a MUST - not with cameras which can break, but with different rear window/pillar design.  More comfortable seats, i.e. lumbar support, and a better paint job would be nice as well."
,,,,,,,,,,,,,,,,,
5,I love my new car,Alex ,05/23/2009,,,5,5,5,5,,5,5,5,5,"I just bought a new Matrix.  So far, I love the car.  It drives well and with the larger engine, has great pickup.  I am a large person, but with the extra headroom in the vehicle, I don't feel cramped.  I think this car will meet and exceed my expectations for an economy vehicle.","I love the room with the seats down.  The instrumentation is very similar to my last Toyota, I love just being able to find the windshield wipers, cruise control, gas flap opener, etc.",An option of a way to cover the cargo area.
,,,,,,,,,,,,,,,,,
4.75,An Update,twocruzin ,05/14/2009,,,4,4,5,5,,5,5,5,5,"This is an update to a previous review.  I have had this car for 14 months now and 17000 miles.  It still runs as flawlessly as when I bought it and the ride is still as harsh as it was at the beginning.  It rides okay on highways or the interstate, but it's quite rough on less than ideal city streets.  The suspension is quite hard.  I mean the car barely moves when I push on the front bumper.  I have not had the paint chip problem that many reviewers comment on.  I have metallic paint on mine.  I'm not sure if all models do, but my experience has been that metallic paint holds up much better.  Other than the ride, everything has been good - build quality, handling, appearance.",Favorite features are the ease of getting in and out due to the height of the car and the handling which is very good.,Improve rear visibility.  Provide rocking headrests.  Soften the suspension.
,,,,,,,,,,,,,,,,,
4.875,Great car and deal!,Chuck ,05/01/2009,,,4,5,5,5,,5,5,5,5,"Just bought this car and I am really enjoying driving and looking at it! I love the position of the stick and it is so much fun to shift.  I thought I wanted the bigger engine but I find the 1.8 plenty of power. It is a great combination of fun, practicality and economy.  You can't beat the deals Toyota is offering now.  Way below invoice!  Shop around if you can't get it. Great for driving the roads of the Wine County in Sonoma County.  Come visit!","Comfort, handling and shifting the stick, not to mention the gas savings.",Cargo cover for the back.  
,,,,,,,,,,,,,,,,,
4.875,So far liking it.,Nolan ,04/27/2009,,,5,5,4,5,,5,5,5,5,"Wanted a 4-door hatchback that got good gas mileage, was comfortable to ride in all day and had a good price.  So far this car has pretty much fit the bill.  We have 5,800 miles on it in 4 months. We are averaging 35 mpg.  75% interstate, 15% two lane roads and 10% city.  Like that you sit up higher so getting in and out is easier.  Did have some problems with paint chips on the hood until I installed a bug deflector on the front of it.  On rough roads there is a lot of road noise that you can hear inside the car.  Needs more insulation.  Have a few rattles when on rough roads.  I dislike the sound system.  ",Gas mileage.  Fun to drive through curvy roads.  Hatchback. ,Sound system.  More insulation to cut out road noise.  Fix rattles in dash.  
,,,,,,,,,,,,,,,,,
4.25,S AWD,Steven ,04/16/2009,,,4,5,4,5,,4,4,4,4,"Driving experience is fun for a crossover AWD vehicle.  Ride is fairly smooth and build quality seems good other than a crackle and pop here and there.  The car has ample power for a 158 hp 4 cylinder with all wheel drive, especially when driven in 3rd.  Has plenty of room in it and versatility. The car has good looks inside and out, and definitely doesn't blend in with the ugly looks of some of it's competitors.  The dash layout is very nice and sporty looking, and is easy on the eyes. ","AWD, heated mirrors, cargo space, design of instrumentation, handling for car of its size","MPG isn't the best it should be.  The stereo system is mediocre and isn't all that great.  I think Toyota needs to look into a better sound system, and maybe a CVT or 5/6 spd auto next time for better fuel economy.  The seats could let down a little farther too, and an electrochromic rearview std. "
,,,,,,,,,,,,,,,,,
4.625,Continue to be impressed,SoCalMatrix ,03/29/2009,,,5,5,5,5,,4,5,4,4,"I've had my Matrix for almost nine months and my affection for it continues to grow.  The Matrix is great for former SUV owners (such as myself) - it sits higher than your average sedan, and has a surprising amount of space.  My first test drive sold me, as I found I had plenty of arm room and didn't feel cramped at all (unlike my test drive of a Mini Cooper, which felt almost cartoonish).   But what really sold me is the styling - what a great looking car!  My only disappointment is city MPG.  Most of my driving is in stop-and-go city traffic, and I only get about 22 MPG.  I chose the base model for fuel efficiency, but that aspect of the car has been slightly disappointing.","Exterior styling, interior dash styling, cargo room, driver room, ergonomic instrumentation ",Better city MPG
,,,,,,,,,,,,,,,,,
3.625,2009 Matrix Air Bags Didn't Deploy,jeannie ,03/18/2009,,,4,5,1,3,,4,3,5,4,"Just wanted everyone to know that in regards to collisions and air bags, Toyota may not be the safest way to go.  I just had a full frontal car accident, where the air bags did not deploy.  The impact was received at at least 35 mph and not one air bag deployed.  I was able to walk away from the accident with minor pain, the car did not.  Rescue crew was puzzled on why the airbags did not deploy.  Just glad I was the only one in the car and the kiddies weren't there.  ",Great on Gas,Air Bag Deployment
,,,,,,,,,,,,,,,,,
3.625,Did i make a mistake?,Terry ,03/18/2009,,,3,3,3,4,,4,4,4,4,"I purchased my Matrix XR in May, 2008.  I think the vehicle is comfortable, fun to drive and gets good gas mileage.  Love the look of the vehicle as well.  However, everything was fine until about 25,000 km.  The alignment needed adjusting, windshield has a air leak somewhere, and the dash board also squeaks really bad when its cold.  It's quite annoying.  Had it in the dealership and they agreed something was wrong with the windshield.  They removed the windshield and then replaced the seal.  Noise is still there.  My radio failed.  New one on order.  Hate the way the rain leaves marks on the interior of the seats.","look, gas mileage, comfort of seats and interior",Obviously something is wrong with dash/windshield.  Not the first compliant.
,,,,,,,,,,,,,,,,,
3,"Good looks, poor ride",lizstx ,03/01/2009,,,4,4,3,5,,2,1,3,2,"We've nicknamed our Matrix the ""covered wagon"" because of how horrendous the ride is.  Every bump, pot hole, and dip is magnified many times over by the fact that the ""sporty suspension"" makes this car feel like it has no shocks whatsoever.  It's loud, rough, and we regret the day we bought it.  Spare yourself the pain and pass this one by.",,Re-work the suspension.
,,,,,,,,,,,,,,,,,
4.125,AWD Lacks Good MPG,Gabagooo ,02/28/2009,,,5,5,5,5,,4,4,2,3,"I have had the AWD Matrix since July 2008 and overall, I like the car.  The AWD system has been very nice to have this winter, but at a high cost.  I am averaging just 22 MPG on the highway, which is lower than expected.  Next time i am in the dealership I am going to have them check for problems.  Also, on very long drives, the seats can become a bit uncomfortable.  When the car is wet, water from the roof spills onto the rear seat when you open the back doors.",AWD.  Heated mirrors.  Heater and AC work really well.  Cargo space.,"Auto folding mirrors, better MPG, cargo cover.   "
,,,,,,,,,,,,,,,,,
4,A Mommy Car,Mommy ,02/13/2009,,,4,4,4,4,,4,4,4,4,"This is a great alternative to a big SUV.  It has all the room I need to haul all my baby gear and it has the built in car seat hooks.  I swore I'd never drive anything but a Honda.  After my test drive, my mind changed. I find the seats are more comfortable and I love the hatchback- it's better than a trunk.",My favorite feature is the hatchback- and it seats 5 comfortably.,
,,,,,,,,,,,,,,,,,
3.375,Poor Fit and Finish,Ed ,01/29/2009,,,3,5,1,4,,4,3,4,3,"I had a Sienna before this Matrix.  The Sienna was the best vehicle I ever owned.  I can't say the same for the Matrix. The first 6,000 miles were great, no problems. Then it got cold and the noises started.  There was an air leak on the driver's window, the dash made noises, and it sounded like the windshield is going to fall out. Finally, the strut on the hatch failed. The dealer could not fix anything and they even made the problems worse. Toyota said they could not make the dealer fix the car, so now I have to make a several hour trip to get the car fixed somewhere else. I wish I would have bought a Honda!",Hatchback.  It is a roomy car for being so small.,Spend more time on fit and finish. Reduce road noise with more insulation. Seat fabric should be factory treated so that rain water doesn't stain the seats. 
,,,,,,,,,,,,,,,,,
5,Love it!,Love it ,01/27/2009,,,5,5,5,5,,5,5,5,5,"From a woman point of view I love the car! I like the way it looks. But my husband has enjoyed it also. The interior space is surprisingly big; I mean, I knew everybody talks about the cargo space, but as a passenger you do have lots of room to play with. It has a nice turn to it, it is a smooth drive.","Room, mirrors, MP3 player, cup holders, left foot rest.",Better quality wheels (like for the Camry)
,,,,,,,,,,,,,,,,,
4.75,"Overall great, fun car",Nectars1 ,01/23/2009,,,4,5,5,5,,5,5,4,5,"I bought this car just before winter and so far I love it.  It's so much fun to drive, it's sporty without paying for a sports car.  It handles very well in the snow as well.   I definitely think it hits bumps pretty hard but that's really my only complaint.   It's extremely smooth and easy to shift between gears.  I think it's a great car for the money.  It's backed by the Toyota reputation!",Fun look of the car. Sporty feel while driving.,"Bigger fuel tank, I think it's only 12 gallons.  I seem to fill up a couple days earlier than with my 13 gallon tank."
,,,,,,,,,,,,,,,,,
4.375,solid little car,Martin Hanish ,01/21/2009,,,4,4,5,5,,5,4,4,4,"We bought our Matrix early in January and have already put a few thousand miles on it. the conditions here in Maine have been tough - lots of snow, ice, temperatures down near zero. The Matrix has performed extremely well under all conditions. It is a safe, dependable little car.","AWD, nice seats for an economy car",rear view is compromised by small back and rear side windows
,,,,,,,,,,,,,,,,,
4.375,2009 Matrix S,Mike Vukich ,01/20/2009,,,4,4,5,5,,5,3,4,5,"  Great car! But I've always known Toyota made excellent vehicles. This is my 3rd one. Quiet, smooth ride. No maintenance worries.   We just had a stretch of sub-zero weather. My matrix started right up; maybe a few extra cranks of the starter.   I highly recommend this vehicle.  ",Has great engine zip for a compact car. Excellent stereo system.,The scoop piece under the front bumper scrapes when I pull into parking spots that have a barrier.
,,,,,,,,,,,,,,,,,
5,Awesome Car,S ,01/20/2009,,,5,5,5,5,,5,5,5,5,Purchased to replace Chevy Blazer.  I really love this car.  Very fast for what you would expect.  I am normally very nervous driving in snow but the Matrix handles extremely well.  I have not even fishtailed once this season.I would recommend this to anyone.  ,"Love the AWD, plenty of interior room, 12v option  ",Recommend mudguards.  Definitely need longer armrest.   
,,,,,,,,,,,,,,,,,
3.75,2009 Matrix S not great in winter,Springleaf ,12/31/2008,,,3,4,3,4,,4,4,3,5,"I used to own a Chevy Blazer that was lucky to make 11 miles to the gallon at sale.  Now I have a highly responsive 2.4L 2009 Toyota Matrix S Auto.  I'm liking the option of shifting manual, especially when shifting down.  It's a smooth ride on smooth pavement, but hit a bump and the whole car jumps (ka-wump).  Hit some ice recently and the car kept going, ABS worked, tires didn't.  At least I didn't spin around like the guy in front of me.  Like a controlled slip. I recommend practicing driving on ice away from traffic first. Bottom line, not thrilled, would trade it in if I could find something better without paying more after trade-in. Would probably keep it if it never snowed.","2.4L engine performance, shift option, power lock options (with help from dealer to get doors to stay locked when parking), storage nooks, flat folding back seats, mp3 plug in, places to hook up dog harnesses under pop outs.","Cheap seats, a back seat bent a tad when folded down with a little weight on it. No full rug offered for 2009, had to make my own.  Gas mileage: 21 mpg city in summer, 17 mpg in winter. Tires not great in winter. Driver's right upper heater pitiful in all modes but one (icon one). More FM presets."
,,,,,,,,,,,,,,,,,
4.875,Great for snow,bigislandboy99 ,12/26/2008,,,5,5,5,5,,5,5,4,5,"I've been waiting to test the AWD and I finally got my wish!  Snows and compact ice has been all around the renton are for the past two weeks.  This matrix AWD S has had no problems getting around. It is very controllable and predictable, even with a foot of snow with the standard AWD.  Car is great in normal weather as well.  Its great for hauling people around and lots of room for a ""compact"" vehicle.  Road noise can be pretty bad, especially on the rough free ways in Seattle.  The gas mileage could be a little better and/or a little large gas tank.  Overall very pleased and glad i got it for this region.  ","AWD rocks and have no problem getting around!  I love the ability to use both the 12 V and a built in ""standard"" wall socket.  The stereo is great.  Its funky shapes always makes people do a double take.",An extra 12v would good for the back seat.  A 5 speed may help with the fuel economy.  Road noise could be better muffled.  It sometimes resonates in the cabin.
,,,,,,,,,,,,,,,,,
5,Very impressed,irene ,12/13/2008,,,5,5,5,5,,5,5,5,5,"Downsized from a Buick Century for economical reasons and am very pleased. The comfort & handling of the Matrix is beyond what I thought it would be. I am very satisfied with the 1.8L engine, it's enough for what I need, it has enough pick-up for passing, etc. Responds very nicely, turns tight corners, easy to park. Loved the colour choices... we picked charcoal gray.  ","The over all look, the dash (the huge glove compartment & all the nooks & crannies). Heated side view mirrors, and the head/tail lights. Actually, the Matrix had a lot of features my Buick had so I found that very attractive when shopping for a new car. Slick little beast!","One major thing would be to have a shift-lock for the automatic transmission. Regarding where the shift arm is located, I accidentally knocked it into neutral while driving.  And for my size, the rear view mirror does block my view. Nothing else comes to mind."
,,,,,,,,,,,,,,,,,
4.75,Love it,mvw ,12/12/2008,,,4,5,4,5,,5,5,5,5,"Bought the 2009 Matrix S a month ago with 10K on it.  I love it so far.   We traded in 2003 Kia spectra LS, and felt the Kias interior is built better with better materials.  Some of the interior rattles and feels like cheap plastic.  The engine of the 2.4 has great pick up.  I am concerned about the paint on the car, it appears to chip fairly easy.  This is the first Toyota I have owned so I do not have much to compare it to.   ","Sun roof, 2.4 engine, hatch back, style, comfort, reliability.","Improve the interior material quality, and paint quality.  Also I am not sure what kind of sunglasses the compartment is made for because it is very narrow.  I do not have a pair that will fit it. "
,,,,,,,,,,,,,,,,,
4.375,Great car,Chhatric ,12/12/2008,,,5,5,4,4,,5,4,4,4,Had it for over a month and I am enjoying driving it. The car has good power and very smooth. I like the styling of the 09 Matrix and the interior is very well designed. Hopefully it will last me for years to come.,Styling. The car is compact but it has a lot of interior space and cargo space. Good mileage. The 2.4l engine is powerful.,A couple of things. The ride is little stiffer than my other car the Accord. I would have liked softer suspension. Road noise is a litter bit more than I expected. 
,,,,,,,,,,,,,,,,,
4.625,"Love Matrix 2, 1.8 touring 5 sp manual",Robtech ,11/24/2008,,,4,5,5,4,,5,5,5,4,"This 2nd generation has better roadholding, there's no front wheel spin, it really holds the road well especially when climbing. I got 32mpg in mixed driving. Noticeable low end torque between 1900rpm to 2800rpm. I love this 2ZRFE 1.8L engine.",Auto headlight on and stereo sound quality.,Put more sound insulation. It would be exciting to have a 2L supercharge nor twin turbo charged. Get rid of 1.8L just leave it to Yaris.
,,,,,,,,,,,,,,,,,
4.25,Mixed Feelings,Kathleen ,11/19/2008,,,3,4,5,5,,5,3,5,4,"I bought my 09 in July and already have over 9000 miles on it.  Gas mileage, the main reason I bought it, is GREAT. It drives well too. I am upset with the Dealer market $ add-on and having to add all the extras, too.  I added cruise control, leather, tinted windows, tow hitch, up graded rear view mirror, up graded radio. I wanted power seats, but they weren't available. I think Toyota needs to improve the quality and comfort.  ",Gas mileage.,Upgrades as mentioned above. 
,,,,,,,,,,,,,,,,,
5,awesome car !!,barbara ,11/06/2008,,,5,5,5,5,,5,5,5,5,I just got the AWD Matrix yesterday. I love it !! I am down sizing from a Toyota 4 Runner. It's fun and easy to drive. As fast as a bullet ! I got the radiant red loaded one. I have never had so much fun driving a car. I am 47 years old. ,"AWD, JBL radio, blue tooth, fold down back seats, easy controls in dash, gas mileage.",None !!!
,,,,,,,,,,,,,,,,,
4,Mixed,ed ,10/20/2008,,,4,4,3,5,,4,4,4,4,"I suspect engine, and starting reliability will be there, but I've got mixed feelings on build quality from a Toyota product, as  all 4 doors sound differently when you close them, and passenger sounds like it's going to break.  20 mile commute is comfortable and all-wheel drive adds to the handling, fuel tank could be larger, and rear blind spots need attention.","AC outlet, tonneau cover, integrated door cup holders, outside temperature.","Pad the center console, change out the 1984 digital clock."
,,,,,,,,,,,,,,,,,
4.125,Not as good as I thought it would be,greenplant ,10/18/2008,,,3,3,2,5,,5,5,5,5,"Gets great gas mileage (avg 33 mpg in mixed driving), comfortable, easy to get in and out, plenty of power in the base model AT, but fit and finish is horrible, rattles in several places, exterior paint chips all over the front (I say paint is bubbling, dealer says road debris), if that's the case, the design is poor, it looks good, but the paint will be destroyed by simple everyday driving.  This has never occurred with other cars I've owned and driven on the very same roads.",Gas mileage,"Power window buttons should be moved lower, I keep putting down back window when I mean to put down the front.  Include alloy wheels as standard, better stereo system, six speakers std rather than four"
,,,,,,,,,,,,,,,,,
4.625,Love my Matrix XRS,hlnkid ,10/12/2008,,,4,5,5,4,,5,5,4,5,"I purchased my 2009 Matrix XRS 3 weeks ago, downsizing from a Highlander. I absolutely love it!  XRS model comes with 18"" wheels, that roughen the ride a tiny bit, but they handle beautifully, esp around turns. Great sporty look and feel. XRS comes standard with rear spoiler, helping to give the car a bit more ump to it's looks. Good interior room, easy controls. A few small blind spots in rear, but easy to get used to. I'm not at all disappointed with my purchase. I'd highly recommend the 2009 Matrix to anyone looking for a solid smaller car with great handling, good gas mileage and one that's fun to drive!","Automatic door locks that lock when you shift into drive, and unlock when you shift into park.  Handling around corners with the 18"" wheels. Sporty look.  Nice acceleration. Fold-flat rear seats & front passenger seat. Excellent interior lighting. Comfortable seats with good leg room.",Power driver-side seat.  Tonneau cover for rear.  Privacy glass for rear/back windows. Reshape the sunglass holder so the glasses go in horizontally rather than vertically. Larger door pockets to store small items.
,,,,,,,,,,,,,,,,,
5,I love my car!!,I LOVE MY CAR ,10/03/2008,,,5,5,5,5,,5,5,5,5,After driving a Chrysler 300 for 2 years and filling gas up everyday I decided that I wanted a smaller car.  I finally found the 2009 Matrix! After my test drive I was in love! The matrix interior was super comfortable and everything seem to be perfectly designed for the driver. The look is great and drives super smooth! I could have not asked for a better car! ,Everything,Nothing
,,,,,,,,,,,,,,,,,
4.875,Two Months now,JC ,10/02/2008,,,5,5,5,5,,5,5,4,5,"I brought this after having a Toyota Camry wagon for years, and a Subaru Outback for past 7 years. In two months I have put only 1500 on it.  I love this car, got 34 with NO AC on a longer trip, getting 20-22 around town. Both above EPA estimates for this 2.4 auto. Love the handling and pep, the styling is distinctive and attractive, many compliments. On the practical side, hey I never buy a vehicle I can't sleep in, and this is no exception with lots of room, love the folding FPassenger seat. Roofrack is study for bike. Its a sporty hatchback/small wagon, and a welcome change from poor mileage with Subaru AWD, which I do not need in Central Virginia.  ","Pep, styling, versatility, relative  MPG for space and size.","Maybe more standard features such as cruise, all weather and traction."
,,,,,,,,,,,,,,,,,
4.875,Matrix doesn't disappoint,greg ,09/18/2008,,,5,5,5,5,,5,5,5,4,"The Matrix replaced a 2001 Dodge minivan. We hoped to retain cargo flexibility, improve gas mileage, vehicle handling and reliability.  With care in packing, the Matrix had ample camping room using a 10 c.f. soft carrier pack on the roof. Skis can be stored inside or on top. Gas mileage has averaged 30 mpg combined; 32 mpg- highway. The car is quiet, steering responsive, holds the road, suspension somewhat stiff, solid feel overall. For its weight, engine, and transmission combination, acceleration is quite good. Seating is comfortable with ample back seat room.  The more I drive it, the more I appreciate its subtle qualities. A car to buy for long term value and not for instant gratification","Dashboard layout; cargo capacity with folding split rear seats. I like the stick shift, but mistakenly drove the 1st 900 miles in 3rd gear rather than Drive; a mistake corrected after reading of manual. Anti-lock brakes and side curtain airbags provide piece of mind. Like the exterior style.","Wish there was more clearance between the frame and road, and better rear visibility.  The radio reception could be improved. The roof rack style and weight capacity limits its functionality without buying an expensive carrier system."
,,,,,,,,,,,,,,,,,
5,Reflects the Driver...,Jack Rabbit ,08/28/2008,,,5,5,5,5,,5,5,5,5,"  Being an Admirer of the Prius and the fact that there's a waiting list for one,  I browsed the lot at the dealership I went to and I could not get over the awesome body style and ""unusual"" paint job (sunburst metallic).   The thought of another six year car payment was dreaded but I'd moved from a 30 minute commute to and from work a day to a 65 minute one and I needed better gas mileage and a warranty so I decided to ""bite the bullet"" and managed to leave with a manual 09 Matrix S.   Not for one moment do I regret it!!!  The gas mileage is incredible (compared to my 01 Chevy Cavalier), It's very ""giddy"" in the speed department, Very maneuverable on the road and comfortable to drive...","The sleek, sporty body style and color",Absolutely none
,,,,,,,,,,,,,,,,,
4.625,Trucker for life converted,smeg ,08/27/2008,,,5,5,5,5,,4,5,4,4,"I was looking to downsize from my Tacoma since gas is so expensive and I went to look at Scions when the sport Matrix jumped out at me at the dealership. I never wanted to drive anything but a truck but this little car is really growing on me. The city gas mpg is so so but its a huge improvement from what I had, also I've already been camping in it and not only did it fit all mine and my GF's gear, we still had plenty of room for my 70lb lab to be comfortable and we got 30 mpg most of the trip. I like the re-design of the 09s over the older models, especially the aggressive front end. This certainly isn't my dream vehicle but I defiantly don't regret the purchase. ",MP3 jack is nice and the Bluetooth is really cool. Most of all I like the cargo room it has for such a small feeling car. My dog goes everywhere with me and it has held us both very comfortably. ,Not too much to complain about except that I wish it had an A/C vent in the backseat because although were nice and cool in the front seat the dog is a little warm back there and for a few months during the summer sometimes rolling the windows down doesn't cool her off as quick as I would like.
,,,,,,,,,,,,,,,,,
4.625,Vibration Issue,Burrito ,08/16/2008,,,5,5,3,5,,5,5,4,5,"The Matrix has been a fun car to drive and I have enjoyed it greatly over the 2006 Corolla I traded in.  I don't enjoy the 35 MPG that I did with the Corolla, but I have been averaging about 27.  The car has pep as I easily find myself doing 80 in a 45 without noticing.   I have been experiencing a vibration on the light console above the gear selector (Map Console?).  The vibrations occur only when the sun is low or set, but will start even on a smooth road.  I am chalking it up to thermal expansion of the roof when it is in the sun.  Has anyone else experienced this?  I can not get Toyota to fix because alas, the service department is not open when it is dark out.",I have the stereo controls on the wheel and blue tooth hands free for my phone which suites my lifestyle.,Cargo net should come standard.
,,,,,,,,,,,,,,,,,
4.5,Great car for a great price! ,Mom of 2 ,08/08/2008,,,4,5,4,5,,5,4,5,4,"We sold our Honda Odyssey because it was getting terrible gas mileage. I decided to test-drive a Matrix as several others I know have a Matrix.  I LOVE IT!  The only complaint is the paint job seems kind of poor and scratches v. easily (silver is my color).  But so long as it get 32 mpg and is dependable that's all I need!  Great little car and fits me, my 6-year old twins and our 2 dogs just fine!  I would not hesitate to buy one!  Love the hatch-back too.  Very sporty and fun to drive (I have the basic 1.8 ltr/automatic).  ",Hatchback & cargo space is wonderful. Fabric seats easy to clean. It's way fun to drive. Safety ratings very good.,"Better paint job next time guys. Otherwise, no complaints at this price!"
,,,,,,,,,,,,,,,,,
4.75,A Fun Vehicle to Drive,JDAWG13 ,08/07/2008,,,5,5,5,5,,5,5,4,4,I've only had the car for a week but I love it. It's a fun little car that has guts when needed. When you need to pass on the highway it has enough power to immediately accelerate. When you have that ability it equates into peace of mind. ,Bluetooth handsfree connectivity.,A full sized spare would be nice. I hate doughnut tires.
,,,,,,,,,,,,,,,,,
4.25,Great gas,k-man ,07/26/2008,,,5,4,3,5,,4,4,5,4,"I traded in my Toyota Tacoma because of the gas prices & because I drive 80 miles a day. I'm getting 35 miles to the gallon highway. It's unbelievable. Of course I had slowed my driving down to 65 to 70 miles & hour & filled my tires to 35 lbs. But to get a pretty good looking car w/ 1.8L engine & fun to drive @ the same time get good gas mileage, what else can you say. Nothing.","Interior, aux outlet, radio",Should come standard with alloy rims for the cost of the car. Car does sway when driving on freeway.
,,,,,,,,,,,,,,,,,
5,Good Car,twocruzin ,07/23/2008,,,5,5,5,5,,5,5,5,5,"Have had the car for four months now and it's working out very nice.  It now has over 7k miles on it and we just got back from a 4k trip.  Gas mileage on the trip ranged from 27 on very hilly interstate to over 33 on flat interstate all with A/C on.  At home we consistently get 30 to 32.  We like the higher profile of the car and the ease of getting in and out.  The headrests are a problem for short people (5') as we've had to turn one around to accommodate my wife otherwise it pushes into her head.  We don't care for the low profile tires as they ride rather hard on the country roads where we live if inflated to recommended pressure (32 psi).  They're better at 30.  Like the 17"" wheels though.","Multiple height adjustment for driver's seat.  Power from the 2.4 engine and the gas mileage.  Better than the EPA sticker.  Cargo room even with back seats up.  Held a lot on our trip.  XM radio is great.  Mudguards and cargo mat purchased as accessories, but well worth it.",Make headrests with tilt adjustment forward and back (like my Camry has).  Provide cargo mat for rear area (ended up buying it to keep things from sliding around on the plastic floor).
,,,,,,,,,,,,,,,,,
4.75,"Fun to drive, some utility, good on gas",Steve ,07/21/2008,,,5,5,5,5,,5,4,4,5,"1800 miles so far. Fun to drive. Feels like a sports car. Great for utility. Only slightly smaller in back than my 4runner. 2.4L engine is great but reduces mpg. I get 30 highway. 35 would be more to my liking. It's worth it to me so far though. 5-speed manual is fun but needs one more gear on the high end. A 6th speed (extra overdrive) is what it really needs. That would gain a few mpg and reduce revs on highway. This engine could handle it. Gas pedal seems to be on wrong angle for me (6' and slim). Right foot hurts if I drive highway too long. Always get a nice greeting when people see it, esp younger. It is a slick looking car. Clutch was jumpy for first 1000 miles, ok now.","Fun to drive, 2.4L engine, nice utility space, not bad on gas, reasonably priced.",Matrix is geared down vs corolla but an extra overdrive gear would be perfect. Do something about tall drivers comfort of right foot on gas pedal. Maybe better angle? Maybe more tension on gas pedal spring? I put an extra spring on mine and it does seem to help.
,,,,,,,,,,,,,,,,,
4.875,A big step up.,gabagooo ,07/21/2008,,,5,5,5,5,,5,5,4,5,"I traded my 2007 Yaris HB in on the Matrix.  As a city car, the Yaris was great, but as a roadmaster, not so good.  I test drove a Rabbit, which felt small compared to the Matrix, which seems bulk.  The car has a heavy feel and is very comfortable on long drives.  I am getting 29.5 mpg highway and 20 mpg city - exactly as advertised.  The Matrix offers a lot of value for the money and I am pleased with my purchase.  Compared to the Yaris, this car feels very solid and safe.","The AWD system, trunk tie-downs, tilt/telescopic wheel, ABS, traction control, side airbags.  The very smooth 2.4L engine.  ","At this price point alloy wheels should be standard.  The car has several blind spots in the rear and in the rear, which I didn't notice during the test drive."
,,,,,,,,,,,,,,,,,
4.875,Finally!,annette ,07/19/2008,,,5,5,5,5,,5,5,4,5,"I didn't know the Matrix existed. I hated the car I was driving, so I went to the Toyota place to look at Scion, but saw the Matrix in the showroom. I was hooked. I love the dropdown seats and the fact that they are flat. The seats are comfy and everything on the dash is easy to get to. The doors don't close on my legs, large and roomy.","The seats, fun to drive, the hatchback",Better stereo for the S model.
,,,,,,,,,,,,,,,,,
4.625,Pratical yet fun,Toyotalover4eva ,07/08/2008,,,5,5,5,5,,4,4,4,5,"I recently traded in my 04 4runner sport for this car. During my car hunt, my biggest concern was the mpg so, I searched for a gas saver but didn't want to sacrifice looks and performance. I ended up with two choices, the jetta wolfsburg and the matrix. I ended up with the matrix given it was more reliable, cheaper on insurance and not too pricey to maintain. Overall I am satisfied with my decision. The looks are awesome both inside and out. I'm kinda disappointed with  such a small fuel tank. I mean, I'm saving gas but finding myself filling up more often. I also think the ride is so-so. I don't know if it's just me but I feel every bump on the road which can get annoying but I can deal with it","Bluetooth! It's really awesome. Also the aggressive looks. I got it in blue streak metallic which gets me a lot of head turns and compliments. Can't forget the JBL sound system, 17 in rims,  aux jack and full folding back seat.","Decent gas mileage, could be better. Also offer the the same suspension on the XRS for the S models as well. "
,,,,,,,,,,,,,,,,,
4.875,Fun econo car with extras,fingerstyle22 ,06/24/2008,,,4,5,5,5,,5,5,5,5,"Downsized from an 02 Ford Explorer. Off the bat, the 09 Matrix has greatly exceeded my expectations. First off, I ordered the car with extras: leather seats, 'darker' tinted windows, backup sensor, Perma Plate protectant. Uniquely original design for '09: dramatic outlines all around; SUV to CUV/stationwagon functionality. However, with 17"" tires, VSC, AWD, 2.4 liter 158hp engine and 162lb feet torque (double cams), electronic steering, the car slices easily through traffic, and corners like butter. Handles road bumps with a rock solid chassis. Excellent fuel at 20/26 variable plus or minus 3 mpg either way. 5 Star metallic paint! ""Black Sand Pearl"".","Deceptive from the outside, the Matrix has great cargo capability with the front and back seats folded. I'm 5'11, seating legroom front/back 5 stars. Deep glovebox, Dramatic dash, gated auto, iPod & 115v inputs. With extra leather, comfortable seats! Heated mirrors. VST & TRAC (optional) TPMS lights",Scrap worthless 1 inch deep console! Driver's seat left foot hump! Reposition armrest on doors. Numerical keyless entry. Lighted vanity mirror is too small. Needs air vent blower behind console. Lighted exterior mirrors (open door).
,,,,,,,,,,,,,,,,,
4.75,Matrix fun to drive,Jules ,06/20/2008,,,5,5,4,5,,5,4,5,5,A fun car to drive. Nice power for the vehicle and handles very well. Good gas mileage. I like the sporty look and feel to the vehicle. ,Front passenger seat folds down as well as the back seats for added space in the vehicle. ,Not a lot leg room in the vehicle including the driver's seat. Nicer rims to go with the sporty look.
,,,,,,,,,,,,,,,,,
4.75,Great vehicle,Garrett Hughes ,06/16/2008,,,5,5,5,5,,5,4,4,5,"Purchased just this week, sorry I cannot tell how good the fuel efficiency is yet. Purchased the AWD due to northeast driving conditions and because it handles like a go-cart! Steel wheels offer better ride than 17"" alloys. ""road noise"" mentioned by others is the AWD, they are all a little noisy. Interior design is ergonomic, S model offers nice perks for little than $15k more. Recommend mudflaps and rear bumper protector (hatch step). I am 6' tall 220 lbs and with the telescopic column and adjustable manual seat I fit comfortably, arm rest could be 4"" longer. Great pickup, car cruzes at 80 MPH without too much noise, stock radio is fantastic. 115V outlet is very cool for lap top charge.","Style, interior room, stereo, AWD handling, fuel efficiency, color (charcoal grey) seating, fold down rear cargo space, available options, stainless exhaust system, mirror visibility, Toyota quality, feels as powerful as my 07 V6 Camry. ","Longer armrest, larger than 13.2 fuel tank (although 350 miles per tank is good at 4.25 per gallon) more standard options, since they are all good. Overdrive or select on/off for AWD models."
,,,,,,,,,,,,,,,,,
5,"My First car, and it's AWESOME!",Chris ,06/15/2008,,,5,5,5,5,,5,5,5,5,"I recently baught a brand new Toyota Matrix XR, and I have never been more impressed with a car then I am with this. The 2.4L engine is smooth and powerful, providing loads of passing and acceleration power. The interior and exterior are impressive, the exterior being sleek and sexy while the interior being easy on the eye and inviting. I've averaged 30+ mpg in mostly city driving. The steering is a tad numb, but that doesn't bother me as everything else about the car is totally amazing. The biggest selling point for me, being 6 feet tall and long in the leg,is that I can sit comfortably in the car thanks to vertical height adjustment for the driver's seat and a telescoping steering wheel.","2.4L is smooth, quiet and powerful; handling; the 6 speaker stereo; the colour (sundance metallic); 17"" rims; fuel economy; the stares from envious guys in their civics and focuses- and the stares from their girlfriends; excellent room for tall drivers; the ever famous Toyota build quality.","There are a few minor gripes. The first are a couple panel gaps that I think are a tad large; one between the shifter gate face and the HVAC control face, the other being on the steering wheel on the right side of the horn face. And a couple rough edges on a couple of dash board panels."
,,,,,,,,,,,,,,,,,
5,Love this car!,Toyota lover ,06/13/2008,,,5,5,5,5,,5,5,5,5,"Oh my I love this car! It is peppy when passing other cars, who needs the 2.4 ltr, sacrificing the gas mileage is not worth it. Gas mileage so far is about 32mpg and that doesn't include any highway. The handling is amazing and it runs really quiet, hardly any road noise at all! Sound system is nice and the interior is positioned very well.  The back seat is adult friendly and you can pack a ton of stuff into the back when the seats are down. This car is great, the best one we could have chosen for sure.  There is nothing bad about it so far!  Buy one, you'll love it!","Split glove box, shifter position, new dash design, front and rear rotor brakes, sexy look interior and exterior.  Basically everything!",None at all.  I think it is perfect!
,,,,,,,,,,,,,,,,,
4.75,Highly Recommend the Matrix,Brian ,06/09/2008,,,4,5,5,5,,5,4,5,5,"We got this as a combination commuter and cargo hauler (for small jobs for catering & food business, deliveries). We use it in place of the van when appropriate. The back seats fold down COMPLETELY flat, allowing for secure storage w/o spilling sauces, etc. There is an incredible amount of interior space, especially given it's relatively small exterior size. The car (base model 1.8L) has plenty of power. No need to get the larger engine unless you like to really zip around. We get around 28 mpg (city/hwy. combined), much better than 14 mpg for the van.","Turns very tight. Easy to drive, with all the ammenities we need. Easy to get into and out of (doors open in a way so you don't have to lift feet to get out). Cargo area and flat rear seats in down position make this a great cargo carrier. Very adequate performance, easy to park in city, good mpg.","Arm rests on doors are not positioned well, making it hard to rest left arm while driving. Center console is too far back, which is also poor for resting arm (guess my arms get tired). Maybe this just takes some getting used to. It would be nice if they offered leather interior."
,,,,,,,,,,,,,,,,,
4.875,"Young look, old reliable toyota",Bill ,06/04/2008,,,5,5,5,5,,5,5,4,5,I traded in a gas guzzling Trailblazer for this useful utility wagon. No complaint thus far and I'm loving the sportiness relative to the big clunker.,Hard-topped fold down rear seats.,"JBL audio, 17 inch wheels would be great standard."
,,,,,,,,,,,,,,,,,
5,A great family car!,Anna ,06/04/2008,,,5,5,5,5,,5,5,5,5,"I was looking for a combination of best gas mileage, reliability, cargo space, practicality and a sporty look. I have to be able to see myself still driving this vehicle over 8 years from now since this is a long term investment for me.  I had a great purchase experience from the dealer, which is sometimes hard to believe from experience, but they were very helpful. I am 5'2 and the flexibility of moving the driver seat higher is a plus.  It's easy to maneuver and getting the kids in and out of the car is so easy.  Plenty of cargo space for a stroller, grocery bags and kids sport stuff. I am so proud of this car's practicality mixed with sportiness appeal. Thank you Toyota","The driver seat adjustment, cargo room and above average gas mileage. ",Head rest too bulky and hard for smaller driver and passenger.
,,,,,,,,,,,,,,,,,
5,Great commuter car,matrixgirl09 ,05/27/2008,,,5,5,5,5,,5,5,5,5,"Good gas mileage. Sits higher than other cars but if you come from an SUV then you'll like it. Heated side mirrors are great for the ice/snow. Plenty of room inside.  Visibility is ok, better than other small cars.  Engine is good enough even though its a base model.  I am small enough that it turns the airbag off when I get in, so that is a nice safety feature.  Very little noise and vibration.","Heated side mirrors, plenty of space. already used the tpms (had a slow leak in tire) I added on a remote start.  Hopefully it lives up to its reputation for reliability.","Please add the option for a compass, its standard on some other cars.  In direct sunlight (usually at sunset), it is harder to read the gauges.  "
,,,,,,,,,,,,,,,,,
5,Great commuter car,matrixgirl09 ,05/26/2008,,,5,5,5,5,,5,5,5,5,"I have had this car for almost 4 months and I like it a lot, I wanted the hatchback for carrying around stuff like my bike. I like that it sits higher off the ground like my suv did. Great gas mileage. The base model has enough power for me.  The gauges take some getting used too, I can see them even with sunglasses on but in direct sunlight (usually at sunset) they can be hard to see.","Flat fold seats. Heated side mirrors are great for the winter, I also added on the remote start. Tire pressure system was already useful as I had a nail in my tire.  Adjustable seat height adjustment is great as I am short. Intelligent airbags  are a bonus (I am small enough to have them turned off).","I bought off the lot but I wish I had gotten another color interior besides black. It makes the car extremely warm when it hits 75 degrees plus.  Also please add a compass, I drive some country roads that turn and twist.  That feature is standard on a lot of other cars, including my old Saturn Vue."
,,,,,,,,,,,,,,,,,
4.75,Great fuel economy in a fun ride,matrixowner ,05/26/2008,,,4,5,5,5,,4,5,5,5,"I downsized to the Matrix from a Tacoma due to the rising gas prices. I am very happy to be getting an average of 32 mpg. The car is fun to drive, and the fold down seats give you the ability to fit items that you couldn't fit in other cars.","Fold down seats, instrument panel.","Poor visibility from rear/side windows, makes backing up a little difficult. Shifter could be positioned better."
,,,,,,,,,,,,,,,,,
5,The 1.8L is great too,docket ,05/22/2008,,,5,5,5,5,,5,5,5,5,"I never thought I could love a car so much. There is so much room inside, yet it is small on the outside. The ride is smooth and the seats comfortable. My dad is still talking about how he could fit in the backseat with ease (all 350 pounds of him). The gas mileage is averaging 25 mpg with a combination of city & highway driving. ",Interior storage space.,Better radio. Headrest should have better adjustment.
,,,,,,,,,,,,,,,,,
4.5,So far a fantastic econimic family car,sunburst metallic ,05/07/2008,,,4,5,5,5,,4,4,5,4,"We bought this car last month. We have only had it for about two weeks, but because of a move we have already put over 2k miles on it. We made 3 400 mile drives within a week on it, and I have to say wow. We avg about 32 mpg on the freeway. I am not a slow driver either. Avg speed was about 75 mph. A lot of time spent cruising at 80 mph. The car has decent pick up and go, it is not a race car, but it is enough to be comfortable. We have two young children that fit comfortably in the back seat with plenty of room. Though the Mazda 3 was more fun to drive, this won out because it was so much more practical. A perfect family car for those that want room with out driving an suv or minivan.","Surprising freeway gas mileage. Adjustable height driver seat and telescopic steering column, my wife is shorter than I so this is handy. Seats are comfortable and supportive. Sits high, easy to get into and out of, and to put the kids in the back seat, haven't hit my head yet. 5spd auto, strong 2.4.","HID headlights, I took care of that and ordered a conversion kit, now running 6k HIDs and they look fantastic. Decent exhaust tip instead of the mild steel pipe. Also another issue I took care of, had a local muffler shop weld on a Nice stainless tip, really compliments the car. Privacy glass."
,,,,,,,,,,,,,,,,,
5,Matrix is a blast,adam ,04/29/2008,,,5,5,5,5,,5,5,5,5,"This car is much improved for 09. The 2.4 liter Camry motor makes this car a rocket but still a miser with the gas. The look is really sporty I get lots of compliments. No squeaks or rattles. Rear visibility is compromised with the new design but not unbearable. The 18"" wheels on the XRS are sharp. You really forget this is a great practical utility vehicle.Th","Performance, style, reliability.", Smart key tech. 
,,,,,,,,,,,,,,,,,
4.75,Mileage is better than advertised,happy matrix owner ,04/29/2008,,,4,5,5,5,,5,4,5,5,"Bought the car new after test driving Honda Fit, Scion XD, 08 Matrix.  Was looking for best combination of gas mileage and space.  This one has it.  Now have 2800 miles on the car and the worst mpg was 32, best was 34.  This is daily commute into Washington DC, combination of half highway, half parking lot. ",Dash and controls are simple and intuitive to use.  You can adjust the dash light intensity by turning the trip odometer - this cures the washout in bright daylight.,Wish it had a six speed for cruising at 75 to 80 on longer trips (3000 rpm at 70 mph in 5th gear).  I am still impressed with mileage without it - I believe it will average 33 to 35 once broken in. 
,,,,,,,,,,,,,,,,,
4.875,You can't be told what the Matrix is,Teebone ,04/27/2008,,,5,5,5,5,,5,5,5,4,"I've had this car for a week and I don't want to get out of it! I held out for the 2.4L Matrix and it was well worth the wait. Handles great, corners great, steering is a bit numb but the acceleration more than makes up for it. The 4-wheel independent suspension and 18"" rims sold me for the XRS model... a real head-turner. This car is the sportiest thing a 6'3"" driver can fit in and still have some resemblance of a back seat left. Getting in and out is a bit snug but once you find your settings it fells like you are part of the car. Vehicle Stability Control does make a noticeable difference. Ive been too excited to calculate MPG yet but all other features have lived up to the spec sheet.","2.4L low end torque! All the XRS options, especially those huge 18""s, sunroof, bluetooth connection for hands free phone, and VSC. Nice to see the full complement of airbags standard and driver adjustments (telescoping steering and seat controls).",Two little items: the rear glass on the hatch should go down. The yellow LCD radio indicators and instrument cluster illumination color should match.
,,,,,,,,,,,,,,,,,
2.75,Where is MPG?,george ,04/23/2008,,,3,3,2,2,,4,2,2,4,"I have not gotten an MPG over 20 mpg (mainly stop & go traffic), with the panels in the door column coming off.  Mechanical noise coming from the engine contributed to the gas by the toyota dealership.  the head rest is uncomfortable and unmovable.  I thought Toyota was famous for their quality.","AWD, space","Noise, plastic panel coming off the doors, MPG"
,,,,,,,,,,,,,,,,,
5,Great Car and Ride,Philip ,04/21/2008,,,5,5,5,5,,5,5,5,5,We are still in the process of breaking it in we only have a few miles. We did a lot of looking at other models and the Matrix won us over. The 1.8L I4 EFI engine has plenty of power when needed.  The 2009 Matrix has great safety features.  The finish is first rate.  Have driven other models and the 2009 Matrix has great visbility and it is easy to get in and out of. The seats are very comfortable and the back seat has plenty of leg room.  We get lots of compliments.  Toyota needs to advertise the Matrix. People with other new models have compliment us and said that they wish they had heard of the Matrix.,The six (6) airbags. The Magnetic Gray Metallic color. The overall look of the car very sporty.  How it handles when you drive. The great fuel economy . Smooth ride and the visibility inside the car.,
,,,,,,,,,,,,,,,,,
5,Perfect car for me!,great car! ,03/30/2008,,,5,5,5,5,,5,5,5,5,"The only regret I have with my Matrix is that I didn't get it in RED! I have a white matrix and everything about it soooo wonderful! I love my car and it drives well on the road, although I am still in the process of breaking it in so I am still careful with it. I still have to find my perfect driving spot in the driver's seat but it is comfortable. I get good mileage on this car (28 mpg) and I believe this will improve with time. Radio reception fluctuates every now and then and I don't know if it's the signal or the equipment itself but I am so glad that there's the mp3 plug. Very, very nice improvement on the total new look. I still wish I got it in RED. :)","Everything that's been changed from the older models, great gas mileage and very, very beautiful sporty look!","I just wish that the rear window can be opened all by itself, apart from the rear door, just like in older models. I also wished that the center console compartment is a little more roomier although that will make it awkward for the driver's elbow room. I wish the steering wheel can be lowered more."
,,,,,,,,,,,,,,,,,
4,Nice Ride,GrindEm ,03/21/2008,,,4,4,4,4,,4,4,4,4,"Bought the 2.4L with the 5 speed manual tranny in radiant red. This car needs the 2.4L to move the extra pork at an acceptable pace. I love the engine and the tranny, very positive driving experience! I am 6'1 and find it to be a little tight in the seat and in the foot wells. The layout is very handy and will fit a lot of stuff with the seats folded down. However the design makes for the worst tunnel cover for privacy I have ever seen! I really like the new exterior styling, big improvement over the geriatric 1st generation. I love the way Toyota puts their packages and model lines together, clean and straight foward. All in all a fun car to drive, quick, agile, stable, good price, aux jack.","2.4L engine, interior space, exterior styling, stable on HWY, aux jack, reliable, leather steering wheel, nicely equipped for price!","Dash is very trendy and I personally dont like the trim around gauges, cup holders are pathetic, Needs a bigger armrest with ratcheting heights,   "
,,,,,,,,,,,,,,,,,
4.875,Surprising new generation of Matrix,4kbeast ,03/18/2008,,,4,5,5,5,,5,5,5,5,"All wheel drive really helped me out; we got a couple of inches after I got it and the AWD in combination with the vehicle stability control and traction control gave me a lot of confidence. Plus, you get like 6 airbags. I'm a big fan of the new look of the vehicle. I overlooked the previous generation, but after seeing a rally built version at the SEMA show, I was a big fan of the hatch. I've always loved hatchbacks! I couldn't decide between the AWD S or the FWD XRS; both have the multi- link rear, which gives it a much sportier feel. I decided on the AWD auto over a XRS auto or manual because I drive in traffic and need AWD for winter. Both have the Camry 2.4L 4 cylinder.","Bigger, more stylish wheels. Navigation! It has the XM traffic reporting on screen to let you know how traffic is moving. Sweet! Plenty of room for four/five if needed. Flat fold down cargo area; great for my dogs, sectioning off back. Sportier feel. Toyota dependability. Killer lease.",Manual transmission available for the AWD version. Dash is something you have to get used to; maybe it is just personal taste?
,,,,,,,,,,,,,,,,,
4.875,Better than the movie,Anthony ,03/13/2008,,,5,5,5,5,,5,4,5,5,"The Matrix has a very cool look. The ride feels very smooth as a boat ride. The main reason why I bought the Matrix was to comfort my legs and so far it has done a very good job. Toyota really did a good job augmenting the standard options like the side airbags, trip meters, maintenance indicator, tire pressure indicator. I like that the driver seat can be adjusted vertically. I like that things are very accessible under the hood. I also appreciate the all wheel disc brakes making it easy for me to replace the brake pads when the time comes. I calculated 22 mpg on mostly mostly city streets and 30 mpg on mostly highway driving.","Sporty look, heated side mirrors, smooth ride, good fuel economy",vehicle stability control should be standard on all models  
,,,,,,,,,,,,,,,,,
4.5,A new day,sonny ,03/04/2008,,,5,5,5,5,,4,4,4,4,"I was impressed by the utility, and the ease of driving.  The new look is what attracted me to this car. I had overlooked the car for this very reason.  The car is nimble and even tho its the smaller engine, there is enough go for me. The fit and finish appears to be first rate.            ","The rear hatch, new exterior, fit and finish and the ample engine.","The gauges new to be contrasted, its hard to see the needle on the gauges in the daylight."
