5,"It's a Truck, not a Passenger Sedan",Matt Rowe ,07/22/2016,,4,4,,,5,4,5,4,,,"Great for small families if this is an everyday driver like mine.  Averages about 16 mpg and is not the most comfortable long distance ride, but then I bought mine for camping, hauling, and trail riding.  I haul firewood and construction materials on the non-standard Gobi roof rack.  This vehicle is a beast!  I even used it to drag thousand-plus pound tree trunks around when I cleared some woods for a home site.  Awesome in the deep sand with the right tires and inflation level.  If you want something better than a Jeep CJ, then this is the vehicle for you.  If you are looking for a luxury status symbol truck, buy something else.  This one is for sport and work.",,
5,Love my FJ Cruiser!,Susan Signorelli ,04/19/2016,5,5,5,,,5,5,5,5,,,"I have owned my 2008 FJ Cruiser since 2009 when I bought it new! I absolutely love it. I am so disappointed that they have chosen not to continue manufacturing them. That is a real mistake, as the FJ is a fabulous as well as unique SUV! I am currently looking to possibly trade mine in for a new one, only because I want to be able to own one longer! Toyota rules, and it is by far the best vehicle I have ever owned. The milarky about the blind spot being a problem, as far as I am concerned, is a problem ONLY for ""inadequate"" drivers. I have no problem navigating this vehicle! Love it! Toyota, please reconsider and bring them back!!!!!!",,
5,Best SUV I have owned,Andrew ,03/03/2016,5,5,5,,,5,5,5,5,,,This truck is everything I like about an off road SUV and everything I needed for small family transportation.,,
4,Not for All,Patrick Goungo ,01/25/2016,3,3,2,,,4,3,4,3,,,"This vehicle is only for young people. If you have infants or small kids, very bad for them, no room.",,
1,161000 miles a I find I building a new fj!!,Jim sauerheber ,01/20/2016,,3,3,,,1,3,5,3,,,"I have a 2007 FJ and I had to replace the following torque converter, break system and rear end.  I put a Lemon on the antenna!",,
4.875,"130,000 Reliable Miles and Counting !!!",stutz1 ,01/26/2012,,,4,5,5,5,,5,5,5,5,"After driving 130,000 miles on my 2008 FJ Cruiser, I have found this SUV to be very dependable.I love the plastic floors which I just spray down and wipe down. Don't miss carpeting . I enjoy the easy to clean durable interior fabric, however I would like to have as an option a leather interior. A fellow FJ owner told me there is a shop in Buffalo NY that sells leather skins that simply stretch over existing seats.Most people that ask me how I like FJ follow up with gas mileage question. I get around 18mpg which is fine for a vehicle that can tow up to 5000lbs.I'm not risking life for mileage!This vehicle gets top marks (5 star rating) for rear and side impact crash testing. ","Easy to clean fabric, classic retro styling,plastic flat floors which are also easy to clean,5000lb towing capacity,5 star safety rating,split seat in back which enables me to lay snow skis flat on floor,4.0
v6 engine with plenty of power smooth riding , shift on the fly 4wd.I also love the large swing door lock feature. This lock feature(easy to use) keeps the door in set position while unloading. Why have AWD where all running gear turns all the time whether your on dry road or snow? That wastes mpg.","The horn is very lame. I think it must of come from a little Toyota Tercel.

Not a huge issue,but Toyota should drop the front passenger alarm for air bag which goes off if something light weight under 40lbs is on seat. I also get tired of seat belt warning sound when seat belt is not connected promptly.
"
4.875,Big Blue,Anonymous ,12/06/2010,,,5,5,5,5,,5,5,4,5,"Owned over a year.  Bought it used with just over 9,000 miles.  No problems whatsoever.  Truck came with an aftermarket DVD, amp and subwoofer. Many compliments from friends. Easy to shift into 4X4 when needed.  Rides perfect for a truck and love the height.  Adjustable height on the driver's seat.  The interior is awesome.  Recommend buying one!",Off road capability and it is a Toyota!,Blind spot!
4.75,The Fj,wakefan01 ,11/24/2010,,,5,5,5,5,,5,4,4,5,"This car is an absolute beast. It goes wherever you want to go, and does whatever you want to do. Great off road capability and just really fun to drive. Reliability is great. Have not had one problem with it.  ","Off road ability, styling, fun to drive",
2.125,Cheap !,FJ Crusier ,11/04/2010,,,2,2,3,3,,2,2,1,2,"The paint on the outside of the FJ scratches way to easily. The plastic interior scratches even easier. For an off road vehicle, in which mine is not, just cheap and poorly designed. The premium gas @2.98 a gal. What ! 15 miles in the city and 20 on hwy.  Rides nice and has good pick-up when you need it, just shouldn't have to run premium gas and give a second thought to the paint!  Now the windshield, cracks WAY too easily. Bad up-right design as the hummer, rocks don't skip off, again an off road vehicle . What ! Had 5, count em, 5 small dings (dime size cracks/spots) fixed b4 the last one gave way to a 16"" crack! Shop around, maybe buy American, I know. I know., but it's true","Good pick-up, pulls my boat w/out a problem","Gas mileage The windshield design and quality again cheap! exterior paint cheaply done interior plastic scratches like plastic side mirrors block views in turns, should stick out to the side and not so high blind spots, takes a getting use to.  "
3.875,Great Vehicle/ Questioable Price.,G .A .H. ,10/03/2010,,,3,2,3,5,,5,5,3,5,"Loved it but,If I new That just driving a new one off the lot automatically dropped the value of the vehicle to 25,000 or less.I would have searched and found one a year old and would not have spent more than 23,000.Shame on Toyota for ruining yet another lifetime customer.

P.S. I'm still going to keep my old toy trucks though. Must have had real engineers (or not Harvard,or Yale). You get the point.",Comfort,Reprice. A polished turd is still a turd.
2.875,Not Impressed,James ,09/20/2010,,,2,3,3,3,,3,3,3,3,"A salesman talked me into this heap. I like to offroad and he told me all sorts of crap about other makes and models, so I bought it. It""s like a coffin inside. Very dark. No sunroof. Bad interior lighting. Hummer H3 and Jeep Wrangler are both more capable off-road. Plus, you can barely see out of it. And now the windshield is cracked cause of poor 'flat' design.",Reliable.,Make something more useful. Something you can see out of that doesn't give you depression because of the darkness inside cabin. It's kinda ugly too.
2.625,Nice car but got a lemon,Nelson ,09/10/2010,,,3,5,1,1,,3,4,1,3,"Great looking car inside and out, rides like a sedan, but I got a lemon, 2 weeks after purchase the transfer case had to be replaced, the past 4 months the transmission slips in gears 1 through 3, and the engine stalls while driving less than 5 mph, note it's an automatic transmission.  Its been in the shop 3 times for the stalling and the transmission, Toyota claims they can't find the problem, looks like I have to consult the lemon law.","Tank like design, You sit far from the windshield, Great in snow even with all seasons, off road ability(I've actually done so), headroom and legroom, I'm 6'5"", audio system is pretty good love the sub woofer switch, has a nice growl with an intake","wind noise above 30 mph, exhaust is constantly droning, rear visibility (i have a backup camera though), the fact that i got a lemon and my Toyota dealer is negligent, back seats are made for small dogs, not even humans, wish it came stock with all terrains, all seasons wear fast with 4wd turned on"
4.25,Not your [soccer] mother's SUV,Beeker ,06/09/2010,,,4,5,5,5,,4,4,3,4,"If you want comforts (e.g. leather, carpet, DVD), the FJ is not for you.  Great recreational vehicle for camping, able to load up quite a bit of equipment with the seats folded down Note: one aspect I don't like is when folded down, the rear seats remain higher than the rear cargo area.  That is, they are not flush.  This makes it awkward to load/pack/carry some items.   Fuel consumption roughly 17-18 for highway driving. Not as bad as I'd expected.  The FJ sits high on the road, making it great for the rare occasions you may need to go through water or snow.  Biggest complaint, despite the great exterior design, the windshield is nearly vertical.  I had numerous ding from stones, etc","Styling. Simple interior is easy to clean (even hose out if needed!). Has been extremely reliable.  Sits high, great clearance. Roomy interior.  Aux audio jack.","Windshield is nearly verticle, catches many stones that cause chips and/or cracks.  This will be a problem for the life of the car.  Would like rear seats to fold down flush with the rear cargo area.  More interior compartments for storing items out of site (e.g. ipods, GPS, etc.)"
4.375,Rigmobile,Rock Doctor ,04/05/2010,,,4,5,5,5,,5,4,2,5,"This is my 5th Toyota truck over 26 years, which like the previous 4Runners (2) and Tacomas (2), is used to get me back and forth from drilling rigs.  It is used to get through deep mud, heavy snow and generally drive down rig access roads that other drivers would call off-roading.",Rock solid reliability.  Is there anything else?  It scrabbles out of mud holes easily and starts on the first attempt every time even at -40C.,"The gas mileage is awful.  Changing the stock tires for something more functional only makes it worse.  The flat windshield seems to attract rocks.  There is no inside latch for the rear door which would handy if the truck ever flips.  Visibility, especially in town, can be a problem."
4.75,Awesome Ride!,maxac ,03/14/2010,,,5,5,5,5,,5,4,4,5,Just Love it! The color stands out and the 4wd has gotten me out of plenty of sticky situations. Great for the money.,The weatherproof interior.,
5,Love It!,MomzToy ,03/12/2010,,,5,5,5,5,,5,5,5,5,"This is my second 2008 Cruiser, I survived and walked away from a accident involving being hit at over 60 mph and rolling over. I was cut out of the car and advised the only reason I walked away from the accident is I was driving a Toyota. I was told this 3 x at the scene and in the ER by police, paramedics and a Dr, I bought the same car again on 4WD.What fun! I have just spent my first winter in snow and ice and it went everywhere.. It is dependable, durable, and always has people looking at it!  ","The 2 wheel, all wheel and 4 wheel ability.. ",
5,PROVEN RELIABILITY,Stutz ,01/16/2010,,,5,5,5,5,,5,5,5,5,"55,000 miles since new and other than oil changes I just had a new set of tires installed !!! No problems whatsoever !!!","Power,smooth ride,towing capacity,retro looks,three blade wipers,easy to clean/durable fabric,no interior carpeting for easy cleaning,flip down split/rear seat so I can haul snow skis. Also like shift on the fly 4wd.","Horn is very lame for low volume. I wood expect something like this in the smallest econobox,not a vehicle of this quality"
1.875,Poor Winter Performance,kidsysco ,12/26/2009,,,2,3,2,1,,1,2,2,2,"I would not suggest an FJ cruiser for anyone who intends on driving it in weather that is less than 30 degrees F. Which is not very cold at all, many places in the world get much colder. My FJ has a serious problem with ice. At a mere 27 degrees F the entire tank holding all of the windshield wiper fluid has turned to slush. I have anti- freeze in there rated up to -50 degrees F. It does not matter, the way that the tank is positioned inside the motor is poorly engineered so that the wind blows up against it causing things to freeze up more easily than any other car I have ever owned. ",Not many at all. A very poor vehicle.,The wiper blades are terribly complicated and have many moving parts on them in order to wipe the windshield but those moving parts get so easily bound up with ice that the wiper blades are essentially useless in an FJ cruiser under 30 degrees F.
4.875,Weekends with the boys,JayhawkGrl ,07/21/2009,,,5,5,5,5,,5,5,4,5,"I'm a designer and I love this true-to-form vehicle for all it allows me to do -granted it's not ideal for parents or carpoolers. I like that the utilitarian design isn't disguised by pricey leather and superfluous features. An avid mountain biker, dog owner, hiker, camper, fisherwoman this SUV does all I need it to with plenty of space and comfort. I do a lot of city driving during the week and I've gotten impressive gas mileage. It's perfect for weekend trips and vacations. What I appreciate most is the customization and easy pricing.  If you want to add components you can wrap in what you need without getting sucked into manufacturer's packages. I love my FJ- spring for the woofer!","Spacious back area with fold flat seats, no stain fabric, easy to clean, tall clearance, subwoofer, smooth ride & handling, sweet cup holders.","Include a long tool for cleaning the windows! Larger tire tools storage compartment in back for jump cables & misc tools, sun roof, visor lights, roll down rear door window, turning headlights (great BMW feature!)"
5,One of a kind,Justin ,05/18/2009,,,5,5,5,5,,5,5,5,5,"Toyota outdid itsself with this vehicle - it is safe and fun to drive. It is more capable, functional, and reliable than Jeep or Hummer. ",safety and handling,"Map lights, opening rear door windows and locking glove box."
4.625,Not your average SUV,DIKKINS ,05/16/2009,,,4,5,5,5,,5,5,3,5,"The FJ cruiser is like buying a prom dress,  It has a specific purpose and no other vehicle does it as well. I have driven this vehicle 6000 miles in 3 months, 2/3 on the highway and 1/3 off road.  It has no real equal off road, and is very good on the road. I have no qualms about  about driving just about anywhere. It goes through heavy snow, fields, mud and on superhighways with ease. I purchase a more aggressive tire than the standard ones it came with and would advise this if you're going off road or in snow. This vehicle is solid, and seems more like a truck than the average SUV. The joy of this vehicle is that it will take you easily where others will not go and do it with ease.","The solid feel, the powerful engine, the rugged build and exterior styling. The way it handles off the road and the great reliability of a well built Toyota. I have had off road contest with a Jeep Rubicon and bested it every time.","A little more window space in the rear. Improved gas mileage, and a front window that is not so vertical. I use premium fuel, get 16 MPG around town , and 21 on the highway using cruise control.  I don't measure fuel use off the road, since lots time is spent driving in 4 wheel drive and idling."
4.625,Have to love them to want to own one.,bkd ,04/20/2009,,,4,5,5,5,,5,4,4,5,My grandfather owned an orig. FJ from 1965 until his death. It looked rough but ran well.  Since he taught me to drive I have always wanted one.  Never wanted to invest in a rust bucket.  When the news ones came out it was a wish come true. You have to love them for yourself.  It is not for kids or soccer moms.  It is for dad and trip to the outdoors.  If you love being outside in the mountains it is worth every penny. I grew up in Colorado and have dreamed of my get away and now it is here.  It isn't practical but it is mine and it gets me out in style and reliability.  ,"Reliability, seat covers, plastic floor mats, high clearance, ride, steering.","Interior lighting, latch button for back glass and door."
4.875,Very Cool SUV,Gary M ,04/05/2009,,,5,5,5,5,,5,5,4,5,"Comfortable, powerful, quick and nimble. This is my 3rd Toyota. I was going to buy another Jeep Wrangler till I test drove this vehicle. I am impressed with the quality and feel this SUV has. Shifts like butter and handles like a dream. Quiet and spacious has plenty of room for my stuff and kids. Strongly recommend this Toyota product. Test drive one and youÂ’ll be hooked!","Three wiper system, Total control over drive-train",
4.875,"See it, Drive it , Buy it",mnivens ,03/18/2009,,,5,5,5,5,,5,5,4,5,"The retro look of the FJ and reliability of Toyota brought me to replace my 95 4RunnR.  My wife, believe it or not, liked the styling as much as I and the fact it has a good safety rating and she sits high enough to see well.  She has had hip problems, but the FJ is no problem for her to get in/out.  We like the simplicity of the vehicle.  The FJ is a different look, but since most vehicles look alike, the FJ is a step above in styling.  We are both in our mid-fifties, but feel good in this.  Power is excellent, visibility is OK, Blind spot mirrors solved this problem.  We had a dealer installed running boards, passenger arm rest, and towing hitch.  No, it is not a Lexus, but it fits us.","Styling, reliability, safety rating, simplicity. Seats are very comfortable and entire interior can be hosed out - to a point.  Really like the suicide rear doors.  Styling looks like a two door, but has two ""extra"" doors. Very secure in the back-no need for child locks.","More storage for ""stuff"", have the passenger arm rest as standard equipment."
4.75,Always wanted offroad,Great Deal ,03/06/2009,,,5,5,5,5,,5,5,3,5,"I've wanted the FJ after the 1st one I saw.  And after getting it, I love it. I do a lot of off roading and with a just few add-ons its ready to go.  I don't have kids and don't think I would have gotten if I did.  For me, the  wife and a couple of dogs, its all I need. The interior is great for clean up.  I got the all weather mats and it's just a spay down with the hose to clean.  The big 4.0L V6 has the power I need off roading or blowing away the ""on the phone soccer mom"" on the road.  It does go through the fuel and you may want to bring some extra on those long trips to the middle of nowhere.  There is plenty of head room which has been a problem for me in the past.","I'm not driving a ""me too"" vehicle. There are very few on the road compared to most autos.  The power, nice stereo and I can plug in my iPhone and have my music where ever I go.","I'm sure that Toyota can come up with a powerful engine that can get better mileage.  If Ford and GM are building them, I expect lots more from Asia manufacturers.  "
4.875,Great SUV,Riad Abi Chahla ,03/05/2009,,,5,5,5,5,,5,5,4,5,When i saw the FJ i immediately wanted to buy... I did some research and i found that it has everything i need. 1st the rugged stylish looks the durability the power and off road capabilities... after 3months of ownership I still find it more amazing everyday...,"Off road capabilities, exterior design, interior functional design, engine power, and easy to clean flooring",Remove the seat belt beeper
2.625,Not for passengers,Mike ,03/02/2009,,,2,2,3,4,,2,2,3,3,"I think I need to buy extra medical coverage for my vehicle insurance. Everyone hits their heads when entering/exiting the back seat.  The interior panels are below Chevy in build quality and fit.  The front windshield wipers chatter, and do not lay flat in cold weather.  The exterior paint has scratched very easily. ",Sits high up.,"Better paint, better rear passenger entry, better interior build quality."
5,Great SUV,CalgaryMan ,02/27/2009,,,5,5,5,5,,5,5,5,5,"I hated it first but then fell in love. Now absolutely love. Cannot wait to drive it every day. I have done a great amount of research before purchasing this vehicle. I wanted a Japanese made SUV on a frame for a reasonable price. I did not want to drive a soccer mom SUV. I left me with only one option. It is great on both highway and city. You get used to blind spots after couple days of driving. An extra inch of leg room at the back seat would be helpful. Hey, it is not a family SUV after all. Exhaust is a bit loud. I read that is was done on purpose. FJ has a different exhaust from that of a 4Runner. I would like it more quiet. Overall, you can either love of hate FJ. And I LOVE it.","Off road capabilities, smooth ride, solid built, the way it feels. EVERYTHING.","Back seat room, loud exhaust system. It is not that important after all."
4.75,Great Toy,Kurt ,02/14/2009,,,3,5,5,5,,5,5,5,5,"I love this SUV, fun to drive, goes anywhere. I call it a 2 passenger gas hog though. My only complaint is the back seat, it is to small for a lot of adults, not easy to get in and out of. The flip side is I will never see a soccer mom with car seats in the back driving one.  I take it off road whenever I get the chance. I have only had it high centered once but it blasted its way out eventually. Could use serious tires for off-roading. It rides like a car with the factory tires. I added lambskin seat covers from Costco and they are great over the stiff factory seats.  If you like fun and don't care about hauling many people get one. I have all the performance extras and get 15-16 MPG.","Performance, pull off the shoulder of a highway and then back on. Keep it floored to about 80, it is scary (find an empty highway). I have the performance exhaust and cold air intake. It likes Premium but runs fine w/o it.",Little larger cargo area. Button inside to release back window. Lid on the console instead of open hole.
2.625,In Need of Redesign,Tom Bjelic ,02/14/2009,,,2,5,3,2,,2,3,3,1,"This is my 5th Suv. After having owned Nissans and  Jeeps I purchased the FJ for my wife to haul around kids, dogs and ski gear. It is a disaster of design. The interior is dark and visibility is terrible. I can get by these issues however, It's the worst SUV I've ever driven when it comes to performance in snow. We hit the slopes whenever it snows and this vehicle is brutal. Regardless of tires, it's not safe to drive. Coupled with it's nervous anti-lock brakes it's a dangerous vehicle to control in a blizzard. Our Xterra performed much better, with the Jeep being the best. The stain proof seats get dog hair caught in the open fibres and I have to use duct tape to clean it.",Great roof rack system with modular parts that are easy to adjust. Although the average sized woman will never be able to put a bike up there. It's very high and you can't use underground parking if you have any racks on it. Looks good... but it's a sheep in wolf's clothing. ,Stop focusing on aesthetics and improve snow performance. Rear seat belts are very slow to recoil. Improve seat cloth so it doesn't trap lint or dog hair. In-ceiling speakers distort with any volume or bass. Redesign rear for better visibility. Doors trap you if trying to exit by parked car.
4.875,Love the FJ cruiser.,Kal ,02/03/2009,,,5,5,5,5,,5,5,4,5,Bought this car after a lot of research. I am a big Toyota fan and this car has lived up to my expectation. Used to drive a RWD Mercedes Benz and just hated driving it in the winter in Iowa. But this car drives like a champ and is so comfortable. My boys (8 and 4) love the car and can sit comfortably in the rear seat. Blind spot is no big deal. if you drive well you get used to it just like anything else in life. Would not miss out on the other great features of the car because of that.,The drive the cool black color and the seats and of curse the comfortable space. Finally the reliability of Toyota. So far no car comes close to it.,Little more lighting in the interior. Nothing much it is a great car in my opinion.
4.875,love my FJ,mel ,01/26/2009,,,5,5,5,5,,5,5,4,5,"I bought this vehicle for off road.  The stock vehicle is poorly set up for serious use off road (plastic bumper imitation skid plates, etc.)  There 98% of complaints end.  The off road ability even with stock tires is unbelievable.  I have changed rims, ties and added armor (skid plates, rock sliders and real bumpers).  The performance and power need to be driven to be believed.   The standard vehicle is small inside, it ain't a Suburban.  There is limited storage space.  The hood is high and forward visibility is limited.  If you can't drive with mirrors this vehicle is not for you.  FJ could use more sound deadening. Very noisy at high speed.  it hauls and turns on a dime. I love it.","Unreal off road performance.  Good looks.  I have the sand color and it turns heads. Good stereo, good lighting, inside and out.  Easy to clean out.  The cabin filter leaves the inside immaculate no matter how dusty the trail.  The three wipers perform better than any vehicle I have owned.","More sound damping.  Bags or other means to stow groceries.  The bag hangers are cool but you need five or so each side, not two total.  Lose the imitation bling and put out a real off road model for the off road buyer. Plastic bumpers, brush guards are not ok for off road use.  An off road model?"
4.875,Recent purchase,Eric ,01/07/2009,,,5,5,5,5,,5,5,4,5,"Just purchased my FJ after my  Jeep Wrangler 4 dr was totaled after hit head on. Was going to buy another Jeep until I test drove the FJ and read consumer feedback on this sight. Although I haven't put many miles on, the FJ has lived up to my expectations. Plenty of room for me and my 2 boys, age 9 and 13. The suicide doors aren't an issue much to my wife's reluctance. As far as the blind spot people complain about, if you know how to drive, use your mirrors, and have driven an SUV, there is no discussion! My only wish is that Toyota comes out with a rag top in this model. Plenty of power, more comfortable than the Jeep.",,Soft top
5,"FJ, best all around family vehicle",Jami S ,11/02/2008,,,5,5,5,5,,5,5,5,5,"Since 2007 I had been looking at the FJ but was not willing to pay the price. I read reviews and did my research for nearly a year. I love this vehicle. It drives great, handles great for the vehicle type, and it has very good power to get up & go. It is a very capable off-road vehicle. I have had it off-road on some rough trails and the FJ performed like a champ. Visibility is not that bad and it is something you can get adjusted to. The suspension is nice a tight and provides plenty of confidence on the road. Also, regular unleaded fuel is acceptable to use. My dealership stated this and so does Toyota. Gas mileage is not bad considering. Plenty of room for a family of 5 on any occasion.",The ability to fit all 3 of our kids in the rear seat with car seats and still have room. I love the sunfusion yellow and the TRD wheels with BFG T/A ko tires. The base stereo is pretty good with the addition of a sub and some speakers in the rear cargo area. That will surround you with sound.,"Map lights would be nice. A locking glove box. A retracting rear window and/or pop out windows on the side in the rear. Stereo controls on the steering wheel and leather wrapped wheel for all models. Our only complaint, the difficulty in getting in & out with 3 kids when parking but we've adjusted."
4.5,2008 FJ Cruiser,Lucero ,10/29/2008,,,5,4,5,5,,5,4,3,5,"Drives well, good acceleration and braking. Nice turning radius. Solid ride on the interstates",Off road capability,"Locking gas cap. No premium fuel, this is the same engine as the 4-Runners, why does Toyota require premium for the FJ?"
4.875,If you read this you will buy it,chrisl ,10/17/2008,,,5,5,5,5,,5,5,4,5,"Trust me, this is a very capable vehicle in all aspects. I usually don't write reviews, but in the case of the FJ I am making an exception. Like most of you, I did a lot of extensive research before I made my final vehicle decision. My advice would be not to get hung up on the negative reviews, and focus on the positive ones, it'll save you a lot of wasted time. The blind spots are not as bad as some people say they are. The rear seats do fold all the way down. Road noise is not noticeable and the interior is quiet. This vehicle is extremely reliable, and capable of some astounding things. This vehicle has been tested to its limits and still scores big! ","Safety! I was rear ended pretty hard by a sedan, and the hitch absorbed all the impact. Fun factor, I love to drive around in it. It goes anywhere.",Modifications can be pricey. 
4.75,Excellent Vehicle,mjr88car ,09/27/2008,,,5,5,5,5,,5,4,4,5,"A great SUV for the money. Bought it for the Toyota quality and reliability and wanted the best 4x4. I have the manual with full time four wheel drive and my mileage is consistently 21-23 hwy and 19 city. Solid, fun to drive, and it does grow on you. I put on 2 blind spot mirrors which do help a lot. However I find that all the hype about the poor rear view is nonsense anyway. If you know how to drive it's no problem. I fish in Canada and have gotten stuck with my old domestic 4x4 (don't know how they can call them true 4x4s). I finally bought something that will get me in/ out of less than poor road and landing conditions. Love the VSC and traction control. I rarely ever lock everything in.",Ability to lock center and rear diff.,"Obviously mpg, I know they have the technology. Mud guard or something to keep debris from being flung forward onto sides and doors. Nicer arm rests."
4.875,NeeCee's Cruiser,NeeCee ,09/21/2008,,,5,5,5,5,,5,5,4,5,"I work out of my automobiles and had driven a Honda CRV for the past 5 years.  It was time for a new vehicle and I had decided to buy another Honda. The night before I went to buy it I was on the computer researching cars and read the reports on the FJ Cruiser. I decided to go and give it a test drive that next morning.  Thank goodness I did.  I knew the minute I drove it this was the SUV for me.  I love it!  I have only had it for a short time but it feels safe and I love the way it handles. Oh, did I tell you how great I think it looks?",Everything!,I would love for it to have back doors that open like the front ones.
4.875,The Best Choice For A Real SUV 4x4!!!,Marianne ,08/27/2008,,,5,5,5,5,,5,5,4,5,"I looked for 3 months at SUVs and I always came back to the fj. It was big purchase for me because I wanted a vehicle that was going to be truly reliable and not in the repair shop all the time and I have worked previous at 2 GM dealerships, even all my mechanic friends give it 2 thumbs up! I've driven in some pretty crazy 4x4 zones with it and it's performed excellent, and a truly fun truck to drive. I don't find the blind spot a big deal and everyone that has sat in the backseat has found it easy to enter and exit. I would suggest to all, to take one for a test drive. They grow on you... they are a different driving experience and different is good from the norm.","I love the suicide doors, easy access. The stereo is great..it's neat how you can change the colours on the display panel. The interior is so easy to keep clean and the cargo area door lock feature (for wind) is awesome. I love the windshield washer vessel.. it's huge. My #1 is the Balanced Engine!!!",The windshield does chip easily.
4.875,"FJ SUV bargain, high quality construction",m jones ,08/18/2008,,,5,5,5,5,,5,5,4,5,"I finally got my FJ and it has been all I expected and more, very civilized ride and comfort, yet ruggedly constructed, and all this for under $30k, I love it!","Rugged over all construction and easy maintenance, wall to wall rubber flooring a dream to campers and off roaders cleans up in a jiffy!",
4.875,LOVE IT!!!!,Jmatz ,07/22/2008,,,5,5,5,5,,5,5,4,5,"Takes a bit getting used to the blind spots.  Love the car to the max!  Fun to drive, 4X4 is really nice.  Have a friend with a Jeep Wrangler and goes toe to toe off road with it and is much more practical.  A few things I would improve would be the seats do not have a forward track for the people getting into the back seat.  You have to manually move it forward from the front.  The rear windows do not go down.  Does not seem like a big deal, but the wind whips through the truck like crazy.  Last thing would be the back window would be nice if it would go down like with the 4 runner.  But all in all I would highly recommend this vehicle!!  BUY IT!  ","Stereo, 4x4, ground clearance, looks.  ",
4.875,MPG - 20+,new owner ,07/20/2008,,,4,5,5,5,,5,5,5,5,"I just bought my FJ a couple weeks ago. I'm getting 20+ MPG. I drive conservatively (coasting in neutral when I can), taking off slow and planning for stops ahead of time - right now, I'm getting better than the advertised MPG (25% city driving). It's a pleasure to drive and very comfortable. The only problem is getting into the back seat - Toyota should have provided some kind of handle to help pull yourself into the back seating area (my youngest struggles to get back there, clawing at anything she can to help herself in).",MPG - 20+ and climbing,better entry to rear seating area
4.875,Joe's FJ Ride,Joe's Ride ,07/20/2008,,,5,5,5,5,,5,5,4,5,"This is a fun to drive, off road 4X4.  Built like a tank however, the ride is good. 20 MPG in city driving, not bad! Have the TRD exhaust and not sure it does anything for the performance?  But it sound good!  Have been using regular gas and only notice a slight loss of power.  Engine on a synthetic diet now that I have 9000 miles on it.","Engine operation and low end power.  Although not used yet, rear locked will be put to the test this fall in Arizona, Sedona area.","Had to replace the R. Trail OEM tires (junk) with Mich. T/A 2, a much better riding tire.  Windshield needs attention  as it chips on even the small rocks.  Front locker"
5,What a Great Choice!,Andy P ,07/12/2008,,,5,5,5,5,,5,5,5,5,"Comfortable. Great performance. Good mileage.  Love the way it looks.  Fun to drive. If you need an SUV, here it is.   If you need a vehicle that pretends to be one, look elsewhere.  This SUV is not for everyone. ","Pull out your stuff, hose it down - inside and out.  Now thats a real car wash!",Getting used to the blind spot is taking more time then I thought.
4.625,Gotta love it!,Adrian  ,07/11/2008,,,5,5,5,5,,5,4,3,5,"There are  two things I will not sacrifice to save a few dollars on gas. #1 is Safety #2 is Fun. That to me sums up my recent experience with my new FJ. It just feels solid, well made, and It's just a blast to cruise around in.","I love the ground clearance, the off road tires the TRD exhaust, really just the whole concept of an off road vehicle .",The back seat is my only complaint not really made with adults in mind.
4.5,Love my new FJ,fj cruiser owner ,07/06/2008,,,4,5,4,5,,5,5,3,5,"I love my new FJ cruiser. It looks great and is fun to drive. Comfortable for long trips. Major blind spots, but nothing you can't get used to, no worse than in a pick up truck. Engine really scoots. Gas mileage isn't great, but acceptable for suv. Not a vehicle for everyone. I find there is more that I like about it, then there is that I do not like about it. Lots of great after market accessories available, but have to wait until warranty is up. Windshield collects bugs, but a layer or rain-ex helps keep them from sticking. I have no regrets purchasing this vehicle and look forward to driving it every day!!","Overall look and design, off road capabilities, fun to drive.","Make rearview camera and sunroof available. Horrible stereo system even for factory grade. More room in back seats, allow rear window to roll down. stronger glass in windshield"
4.875,Simply done right,Mike ,07/03/2008,,,5,5,5,5,,5,5,4,5,"Have owned my FJ for 1 year and have over 30k in that time.  Have long daily commute and work in Atlanta, GA.  I have had no issues with blind spots in Atlanta traffic or parking, or navigating narrow downtown roads.  Great driving feedback from the vehicle allows you to know exactly where you are.  On weekends, this vehicle is in N GA on a trout stream or working on family land hauling gear for clearing brush etc.  Then it cleans up in a snap and heads back downtown to the office.  Does exactly what a land cruiser should do.",Love driving this vehicle.  It's sound and has a very solid feel to it.  ,Anything related to better mileage of course.  
5,Love the 6 Speed Trail Teams SE,ARH1956 ,06/25/2008,,,5,5,5,5,,5,5,5,5,"I am very happy with my Trail Teams FJ. The 6 speed FJ is a joy to drive, performance is commendable & the off road capability is amazing. As a daily driver I'm getting 17.2 mpg with 50% in town travel. The Trail Teams treatment is well thought out, all the off road goodies in one package, and the Iceberg White monotone paint with black accents is very attractive as well.",Fun to drive. Shift action of the transmission when coupled with the TRD short shifter option. The TRD exhaust note is throaty & pleasing under throttle yet quiet while cruising. And my FJ just makes me smile.,"A supercharged diesel in the 200 HP, 325 Ft Lb range would be a killer package in the FJ. And while I'm dreaming let's go ahead and offer the TRD supercharger on the 4.0 from the factory as well."
4.75,Bammm,John ,06/24/2008,,,5,5,5,5,,5,5,3,5,"This is what this transport mode is all about! Making a statement and having fun doing it. Hard to believe a vehicle designed in California handles so well in a few feet of snow. I have had the vans, family cars, etc., now the kids are gone and its time to think about me! This does it, fun to drive reliable, will take you anywhere you what to go in style and with the power you need. I am fortunate to be able to affort a car three time the cost of this one, but nothing came close to the spirit and groove of the FJ. Bravo!","Unique, comfortable, stylish, groovy man!",Better gas milleage!
3.5,This is offroad vehicle,boris rabinovich ,06/13/2008,,,3,4,4,4,,4,3,2,4,"This vehicle is built strictly for off-road application. Don't buy it for the city use or for home-office commute. To park this car in the city is impossible task and this is not because of physical dimensions. It has too many blind spots, you always concern you might hit somebody. The backseat is not adjustable and people on the back have very little space. Besides the backseat passengers might got trapped in case of accident with no way out. You will not be able to open door if the people in the front got disable.",Front seats. Instrument panel. Radio system. ,Convert it to conventional 4-door car. Make the back seat adjustable; to be able to slide to the back or to the front depends on number of passengers and size of cargo. 
4.875,FJ Cruiser Trail Teams Special Edition,w1z ,05/10/2008,,,5,5,5,5,,5,5,4,5,"Bull bar w/lights, Roof rack with airdam + lights, Black steel wheels, BFG t/a tires, Birnstein shocks, rock rails, spare wheel cover, subwoofer, heavy mats,trailer hitch, TRD stainless exhaust, traction, water resistant seats, premium gas or regular, tinted glass  roll-pitch-compass-temp cluster, added a TomTom 920T GPS & bluetooth, a full-time rear view camera, & with my iPhone I feel almost human, well maybe like IronMan!  smooth ride, add small spots to the side mirrors & angle them out further, add flat rubber cargo straps. I have no complaints. Get the 100k mi extd warranty & the expenses paid service. Highly recommend this version if you can find one. Breathlessly awesome. 3200 made.","Sheer armored-truck, chassis ruggedness. Astute performance, stainless sculptured shifters, dual-stage air filter, common sense oil filter placement, great audio from my iTunes, not embarrassing as a Hummer, sits high for great visibility, catches a lot of eyes, all white with all black accessories.",Got used to my prius camera need one std for this model. A multifuel motor. Challenged with warranty risk though the ruggedness mitigates that somewhat. Could use rain shields over the side windows. Windshield too steep for radar. Need a rebate to fund a taller garage entrance. 7ft with rack lights 
5,Best looking - fun to drive,drummz54 ,05/07/2008,,,5,5,5,5,,5,5,5,5, Bought the 2008 FJ Trails Team edition. Love the color and black wheels. A real head turner. Good performance and very comfortable ride for an off-road SUV.  Fuel economy around 19 - 20 mpg. Not bad!," Style, interior layout and interior room.", Passenger armrest should be a standard feature.
4.75,Buy Toyota,tfgg ,04/21/2008,,,5,5,5,5,,5,5,3,5,"I always wanted a Land Cruiser. The FJ is an LC lite.  Downside: premium fuel, 19 gallon tank, poor rear visibility. Upside:  take it anywhere off road in complete confidence.  Sexy, speedy, reliable.  Love driving it.",Two foot deep water?. Drive in!,Premium fuel is silly. Larger range required.
5,Greatest Car Ever Driven ,Tim ,04/15/2008,,,5,5,5,5,,5,5,5,5,"Off all the reviews I have read they just don't hit the experience of owning the Toyota FJ. Every time I drive my FJ I fall in love with it more and more. I'm 40 this month and driving it makes me feel 21 again. Sure the blind spot everyone talks about exist, but it is not hard to get used to. As for the gas mileage complaints, I am running regular unleaded in my FJ. It runs perfect and I'm getting a combined 19 miles to a gallon right now. That is great for this type of vehicle. Really great leg room in the front. I purchased the sandstorm color, and love the color more every time I look at it. ",Driving the FJ is my favorite feature hands down. And the looks you get from other people while driving the FJ is better than driving any sports car.,"I guess if I had to wish for something, I would have to go with fixing the blind spot, but it is nothing you can't get used to."
4.625,"Great SUV, with minor improvements",beary2 ,04/02/2008,,,5,5,5,5,,5,4,3,5,"FJ styling... there's nothing else like it out there.  Ride is pretty good, just a little bumpy, but to be expected. Great power/acceleration.  Would like a tan interior option.  Black really shows dirt/crumbs.  Kids don't have any problem getting in and out of back seat (except for tight parking spaces). Do away with ceiling ""speaker exciter"", that thing is junk.  ","All around cool car.  Backup sonar is great.  Can't beat the styling.  Lots of room in engine to get at parts.  Oil filter location is great.  Side visors nice addition.  Haven't had any visibility problems.  Windshield does catch lots of bugs though.  Like the simplicity of interior, no carpet.  ","Drop the suicide doors, it really is a pain in tight parking spaces w/kids.  Have passenger armrest standard. Speakers are a joke. I never saw a speaker magnet that small before.  Seats could be more comfortable.  Have tailgate window go down like in 4Runners.  Ability to open backseat window"
5,Fun,Rodger ,03/22/2008,,,5,5,5,5,,5,5,5,5,I just bought this last week and drove it 5 hours to San Diego. This is far more comfortable than I thought it would be. This car gets a lot of looks. I had it raised 6 inches and it looks amazing.   ,Head room. Great style!,Visibility.
4.625,FJ 4x2,kanayon ,03/20/2008,,,5,5,5,5,,5,4,3,5,"PROS: fun to drive, performs best with premium gas, retro styling.  CONS: inconvenient suicide doors, limited rearward visibility but over-all styling is A+, notwithstanding above-mentioned negatives.",Everything.,"Entirely remove roof rack from options list! Front, rear bumpers should be completely black."
4.75,Great all-round vehicle,Jim ,03/03/2008,,,5,5,5,5,,5,4,4,5,"Was hooked after my first drive. Handles very well for what it is. Getting about 18mpg by keeping my foot ""out of it"". Should get better mileage on the highway. Installed a K&N air filter and use Mobil 1 synthetic oil. The motor seems strong and is always willing to rev. It's easily handling the current No. Indiana winter. No problem, from mushy slush, to blowing thru drifted-over county roads. It tracks and runs well. Could use better visibility but you'll learn to drive with the mirrors. Ventilation could be better. Having a small issue with the paint job on the hood. I do plan on keeping this vehicle for a long time as it feels strong and has a basically good build design. I like it.    ","My favorite feature is the true utility nature of this vehicle. Brought some wood home for the stove one day, wife and I were out running the roads the next. Cleans up real easy. Headlights and heater are great. Nothing is fancy. No bling. All controls are simple and easy to operate.", Improve ventilation in back. Could use better visibility. Get the paint issues straightened out.
5,Classic Reliable Ride,rayboy ,02/13/2008,,,5,5,5,5,,5,5,5,5,"I drive 4-700 miles per week as a field representative in W NY. I want to drive a safe reliable powerful fun vehicle as opposed to the standard issue company car. This FJ Cruiser received a 5 star rating (best rating available) for frontal crash test. It also received a 4 star rating for side impact crash test. The 4wd option works great on my icy hill. Unlike some of the 4wds I've owned, this FJ allows me to engage/disengage the 4wd therefore allowing me to save money on gas, 20mpg. This FJ also has a 5000 lb towing capacity which is more than enough to tow my 3000 boat. The ride is unbelievably smooth and powerful with the 4.0 L 6cylinder engine.No carpet/easy clean interior!",Smooth ride. Easy clean interior. Suicide doors/easy to get kids in back seat. Oil filter near top of engine! Powerful engine 5000lb towing capacity ,Need just a little more legroom in back seat area.    
5,Cool Mini Truck,Rockn' Ride ,01/08/2008,,,5,5,5,5,,5,5,5,5,"I love this truck, it's fun to drive, has great performance, kickin' stereo and looks real cool.","Radio with sub, great looks, and off road ability.","Second 12 volt car adapter up front, passenger arm rest standard."
5,Love,Sbw ,01/03/2008,,,5,5,5,5,,5,5,5,5,I just got it and I'm in love!  The very first thing I noticed was the blind spots but I will deal since I have the rear sensors.  Mine is loaded and it's perfect!  I was surprised at how smooth and comfortable it is.  I can't wait to get it off the road!,I live in CO so the heater is awesome.  Also love stereo/subwoofer and the room in the back.  Sun visors are great too!  No carpet is the best idea ever in a 4wd.,The gas mileage for this serious 4wd is not bad.  My 96 Honda Accord had worse gas mileage.  Nothing could be better for me except two!  
4.875,Not Your Average SUV,Randy Vorster ,12/28/2007,,,5,5,5,5,,5,5,4,5,"If you plan to go off-roading opt for the All Terrain Pkg. It comes w/ very nice 16"" wheels (diff look from the 17""), great shocks, locking diff, A- trac, pre-cleaner & multi-info display. I ordered the TRD exhaust which I think is a plus, cool ellipse tip and sound. It came with blk running boards which will not work as rock rails, but will save you from car- level door dings. Ride quality is great for a 4x4. We have gone on fun adventures and seen things that would have required some serious hiking. With the right mind-set the FJ will make a great primary vehicle. As a 2nd vehicle to our German sedan we could not be happier. Hard to imagine the sedan is now a 2nd choice when driving to work!","Classic looks, stands out from the cookie cutter SUVs. Its a Toyota with the heritage of the original Land Cruiser. Seats with water resist fabric. Skip the carpet and get the serious rubber mats (you will not be disappointed). The feeling I get in the middle of no-where in total comfort.    ","The down side is the FJs windshield (part of that classic look), bug splatter and repaired rock chips can be lived with but cracks will lead to an expensive $1,200 windshield replacement. The thin aluminum roof can be damaged during removal / installation per the pros. so choose top-tier service.  "
5,Still Smiling,Tain Utah ,11/14/2007,,,5,5,5,5,,5,5,5,5,"This is the 4th 4X4 I have owned and none of them have been this much fun. I have only put 1800 miles on my FJC but they have been great miles. My wife drove it the 120 miles home from the dealer but all the rest are mine. I have traveled the far reaches of the western Utah desert and the close reaches of the Buckhorn draw desert. I have gone up hills and over terrain that I have never been in an SUV, only a honda 4 wheeler. The heater and music are a lot better than the 4 wheeler. I enjoy the music even the woofer for a 48 yr old, Never been around MP3 but I'm an expert now. TRD exhaust wasn't necessary but enjoy that too. This new FJC is like the fountain of youth to me behind the wheel. ","Goes every where up down across any terrain I have tried to go through. Is well suited for me, wife and 15 yr old son, grandkids like the up and down part. First time I've had a locker, great item. Music a must and comfortable seating if son sits behind wife. Very fun ride. ",Couple of inches more room back seat and storage for a few things like a chain to pull my friends with. The extras I have are plenty. But better MPG is always good. 
5,2008 FJ Cruiser Review,sxipro ,11/12/2007,,,5,5,5,5,,5,5,5,5,"I bought it about 3 weeks ago and love this vehicle. It is fun to drive, good on power, great off-road and has a unique look. I like the big control knobs and handles. I took it on a little trail when I went camping and locked the 4wd in just to try it and it handled great! It has that high quality feel that all Toyotas seem to have. It does have blind spots but the big mirrors make up for that.","Big buttons, control knobs and handles. Different looking than anything on/off the road. Plenty of power, supercharger is now available from TRD if not enough power. Interior floors can be washed out with a hose. Great stereo with subwoofer, mp3 port and 6 disk changer. Lots of accessories available.","More power outlets for gps, iPod, radar detector, etc. Needs more little cubby holes in the front like for change and small things. The rear needs more cargo holes as well like for first aid kits,j umper cables, tow straps, etc. I don't like taking off the head rests to lay rear seats flat."
4.125,Small price for a head turner,k100 ,11/07/2007,,,4,5,5,4,,4,4,4,3,"I pick the CQ & Sport package plus the roof rack & tow hitch package.  The ride is excellent especially in the beaten up city road (NY City). Although the engine is silky smooth, the exhaust is kind of loud when starting at slow speed. Blind spot is an issue, make sure you order the rear sonar. I'm ordering a rear view camera as too many kids play around  my driveway. This truck is tall, makes you feel sitting in a bigger truck, great view, in return, it need 6'9"" clearance for  indoor parking clearance with the roofrack. Gas mileage is as expected at about 20 mpg hwy @ 75-80 mph.","Style & predict excellent resell value. Comfortable seat, roomy interior, smooth powertrain & excellent fit & finish. Great value. ",Sunroof & power seat should be availble as an option. Rearview camera should be standard in this truck. 
5,FJ Cruiser Review,Jerry G. (Colorado) ,10/02/2007,,,5,5,5,5,,5,5,5,5,"What a joy it is to drive again. I took this off-road with only 350 miles on it. Nothing radical, just steep and rutty stuff, and it handled great. When changing directions after a stop, you seem to get time to go from brake to throttle before you start to free roll much. I loved going back down Jones Pass Rd, jamming into 1st gear at 20 mph and doing a 180 down to the next switchback. The FJ felt real stable, and handled the bumps like a pro. On the pavement, the ride is nice and not ""trucky"". 20 mpg highway/city/mtn is great. My 2.9L Ranger was no better than that.","Knobs big, good with gloves on. Not fancy, just practical. Not a ""soccer mom's"" car (thank goodness), more of a ""guy's toy"" vehicle, although it's my one and only. No carpet to stain. Nice sound system/aux jack. Room for the grandkids, too. ","Maybe better radio reception. Visibility is limited, but even rock crawlers have ""spotters"" to guide them. No trouble if you just keep aware of your surroundings. "
4.5,Great Vehicle - Beware Toyota Warranty,Slingerdoo ,09/26/2007,,,5,5,4,5,,5,5,2,5,"City driving is easy, but rear visibility is limited so definitely get the rear park assist. Off-road capability is top notch. Rocks, mud, water crossing - the FJ has pulled through for most. Personal experience has proven that if you take the vehicle off-road, or add after market wheels and/or bumpers, the warranty is voided. So, either buy it for city driving or buy a different vehicle for off-road use if you need a warranty.","The capability, style, and uniqueness of this vehicle put it at the top of my list. Simple engine layout, easy access, and Toyota quality.","Additional power outlet would be nice, the one outlet limits cell phone/iPod charging. More realistic advertising from Toyota that doesn't show off-road capabilities - no dealer in Atlanta will touch an FJ with mud or scrapes on the undercarriage. They get labeled ""abused"" and void the warranty."
4.875,Only 1 problem,FJLUVER ,09/26/2007,,,5,5,5,5,,5,5,4,5,"The FJ has great power, excellent off road capability, and handles like a dream. The only flaws with the FJ is the huge blind spots, and the airplane style rear windows. The mirrors compensate well for the blind spots though. Wonderful car.",Excellent off road capabilities. Not a soccer mom SUV.,More glass to compensate for the large blind spots.
4.875,Wow......,Tom ,09/21/2007,,,5,5,5,5,,5,5,4,5,"Some may call it a mid-life crisis, but I call it fun.  The 2008 FJ Cruiser is a break from the norm, a good one, and has to be one of the most fun vehicles on the market today.  The inside reminds me of an early 70s Chevy Blazer: cool.  The driving position is excellent, and the seats are comfortable.  One can't help but feel safe with all the standard air bags, stability controls, and just the sheer size of everything. The FJ says cool simplicity vs. sophisticated.  Fuel economy is not great, but is better than many SUVs.  While not for everyone, the FJ is easily the best car I have ever owned.  Do you get up in the morning excited to get in your ride?  Not to rub it in, but I do.","Style, simplicity, off-road ability yet refined ride on the highway.",None.  An instant classic.
4.625,FJ Cruiser Review,Kevin Voges ,08/27/2007,,,5,5,5,5,,5,5,2,5,"Fun to drive - looks great.  Really look forward to driving FJ daily.  I realize this is strange, but non-aerodynamic windshield does not deflect bugs, so one must be ready to clean windshield quite a bit.","No-nonsense interior, all very functional, very good factory stereo with sub-woofer.","Better fuel efficiency, not willing to sacrifice looks so I'd rather clean windshield."
