5,Good Buy,Travis ,03/02/2016,5,3,4,,,5,4,5,4,,,"Most dealerships will be selling for above KBB value, but that seems pretty standard on these Mazdas. Worth the buy.",,
2,Belly flop,Dan ,12/17/2015,1,1,1,,,1,2,2,2,,,"Bad decision on my part to buy this car.  All the other reviews are wrong - these are cheap, unreliable cars.  The car has been trouble from the first month of ownership. The roof liner is falling down and my seats show significant where and tear. I've had this car in the shop all too often for engine noises and vibrations.  Dealer told me that the engine mounts are worn out and need to be replaced. This is the only car I've ever owned that has had a problem with the engine mount. The engine mount!  Really?!  I will never by Mazda again.",,
2,"Average reliability, but handles very well",Bill ,11/26/2015,2,2,2,,,2,4,4,3,,,"From my experience this Mazda6 has about average reliability, but below average when compared to other Japanese manufacturers. This model is known to have transmission issues. In addition, the gas mileage is marginal compared to peers and the interior is fairly noisy. However, it does handle very well and is fairly nimble.",,
4.875,"Second new Mazda, love them.",Alan McGuiness ,03/12/2015,,,5,4,5,5,,5,5,5,5,"Traded in my 2004 with 111K on it for a new 2008 Mazda 6I, all the bells and whistles, leather heated seats and interior, CD player with awesome Bose speakers, sunroof, heated mirrors, compass in autodimming mirror, etc.  Owned this one for 7 years, just spent my first out-of-pocket on a replacement headlight bulb.  Absolutely no other issues or complaints, and I push my vehicles hard.  This one did 135 MPH in Death Valley a couple of years back, and the radio plays louder the faster you go!!  Armorall the entire leather interior annually, holding up perfectly.","The sport shift, the heated seats on a cold morning, the ability to lower the headlight aim, when the trunk is full, and the ability to fold down rear seats.  I was able to fit a full sized house door in the back of the car, tie the trunk down, and drive home 163 miles, with no issues.  I will buy another one.  ","I use a scan-gauge to monitor engine conditions, manifold temps, MPG etc., would be nice to have a second computer port for this.

Better car antenna, as reception in a rural area can be spotty."
4.875,SUPER RELIABLE & FUN TO DRIVE!!!,jmart805 ,10/29/2014,,,5,4,5,5,,5,5,5,5,"I bought my 2008 Mazda 6 from a tow yard - kinda sketchy I know. But I test drove it, had it inspected by a Mazda dealership (highly recommended) and I fell in love with it! It had ~104k miles and was being sold for $7,500. 1.5 years and 24k miles later and I've had absolutely no issues with it! I've driven it for ride share companies, through the crazy hills of Berkeley & San Francisco, taken my girlfriend to the Grand Canyon, driven in snow - it's always been there for me! 

Sadly, my car was taken from me when a 65-year old lady ran off the road and totaled my parked Mazda 6 with her Mercedes-Benz :( Now I'm back on the market for another used car that will satisfy me the way my car did","Cool, red interior lights on the dash that protected your vision for night-time driving. 

Quick acceleration, great brakes and nimble handling.

Trunk big enough to hold at least 4 large suitcases and groceries at the same time!",Auxiliary input for the MP3z! Bluetooth or something. More technologeez!
3.25,Not what I thought a Mazda would be,christy22 ,05/25/2013,,,4,4,2,2,,3,4,3,4,"I bought my 2008 Mazda 6 with 36,000 miles on it.Right away, I had A/C issues.With 90,000 miles on it, I had to have the transmission rebuilt and change out the valve body.As I now understand it (reading consumer reviews on the issues of this car), the valve bodies are made overseas and built with a poor grade metal so these cars have transmission issues.I finally sold the car 1 month ago having rebuilt the transmission and fixed the A/C 3 times.I had only heard good things about Mazda's, but I won't buy another one. ",,"Transfer manufacturing of valve bodies to another location that would build with better grade metal.
"
4.375,Wonderful car for long commute.,joemerchant1 ,12/19/2012,,,4,4,4,5,,4,4,5,5,"I have now owned this car for a year now and added over 25K miles to the odometer. I bought this car for commuting and second car as I also own a 2012 Ford F-150 and my wife has 2010 Camary.The only bad thing I can say about this car is the leather is not very good and cracked under the front corner which does not get any wear from sitting. Other than that, it gets 29 MPG hand calculated at every fillup no matter what gas or the season. The little 4 banger is peppy and gets to speed well.The gearing of this car is terrific as I find many cars are not geared well with mismatched engines.Mazda did a wonderful job matching the transmission to the engine. ","Fuel Economy
Handling
Cost of Ownership
Comfort
Solid build
Gearing.
The engine is matched well to the transmission at all speeds.
Low RPM, good torque and good economy on the highway.
It likes to be driven","Seats pull from the bottom on many I looked at
"
4.75,Best Car EVER! BMW is only other car I can compare to! ,npalafax ,12/06/2012,,,5,5,5,5,,4,4,5,5,"Bought used at 70k Base i hatchback with sport package same car as the photo above. I really loved the hatch vs one with a trunk. It came in handy more than I ever thought. And still wish I had it. The only other car that I can say drove anything like this was a BMW which I now own. Ironically, the previous owner I bought it from sold it because she bought a new BMW. The only issues I ever had were: 1.Thermostat at 83k common problem threw a engine light so never over heated. 2.All the motor mounts failed at the same time. This car was defiantly well loved and cared for. Sadly was totaled at 98K in a garage fire in my building otherwise I would still have it. BUY A 4cyl v6 has a lot of probs","Looks, Design, Comfort, Fuel Econ, Reliability, cheap cheap maintenance. Very safe car with side airbags and Traction Control. With Good Crash test ratings.",Replacing a headlight bulb requires the front bumper to be pulled off... 
4.75,2007 mazda 6 saved our lives,flatsider ,04/17/2011,,,5,5,5,5,,4,4,5,5,"March 26, I385 north taveling at 65-68 mph,we were hit with basically a high speed pit manuver which put us in a spin off the interstate,down and up an imbankment through a chainlink fence across a frontage road and back into the fence and a pine tree.It completly totalled the car and we walked away with just minor brusies and a little whiplash,not a scratch.The suprising thing was no air bags deployed as we didn't strike anything with the front of the car.I'm convinced the car saved our lives.We have since purchased another 6 and waiting on delievery.Great car!","leather,heated seats ,moonroof,styling,handling",lose the bubble fenders on the new models It's not a rx8
4.375,Impressed,Matt ,07/27/2010,,,4,4,4,5,,4,5,5,4,"OK, first I need to provide a little background on my previous vehicles; my last 6 vehicles have all been V8s, they have also all been GMs. That being said, a 4 cyl. motor is going to feel down on TQ and HP, no matter who builds it. And, I was fully prepared for that before I bought the 6.  I love this car, period.  I am a sales rep and I drive a lot for work.  I wanted a taut, well mannered car that had a sporty feel and was good on gas.  The 6 fits the bill.  I bought my '08 used with only 8300 miles.  For the price this car can't be beat.  Long road trips are a breeze.  I can drive 250+ miles nonstop, and get out feeling very little signs of discomfort or fatigue.  I am 6'3"".","Gauges, seats, dual-layer center armrest compartments, adjustable xenon headlamps, gas mileage, auto-up windows, BOSE audio, handling, highway road manners.","Option for auto-on/off head lights, fold-in outside rear view mirrors, ability to turn on fog lights WITHOUT headlights."
4.25,Sporty Middy,N23 ,07/03/2010,,,5,5,4,4,,4,4,4,4,"Wanted to buy a 4 door after owning 2 sports cars, (Integra & Prelude). Looks fantastic in dark cherry mica. Performance is ok as automatic hunts or lingers when driving with a lead foot. Gotta agree about the gas mileage. 4 cyl is mid to low 20s so far in the city. Love the stock wheels and stock body kit the 6 comes with. Glad Mazda has the monochrome look in style. ","Beautiful style. Red gauges (like my 00 Prelude :) ) Solid body, smooth handling so far. Haven't taken in on the B roads yet but soon will. ",What's with the radio that can't be changed out without a $$$$ kit? Media should be for an ipod but can't get it sorted. 
5,My new baby,amy ,05/13/2010,,,5,5,5,5,,5,5,5,5,I always wanted my Mazda 6 and I just bought one. I can't sleep just knowing it's in my driveway. It took me 2 years to get it but I did thanks Mazda I love your Mazda 6. It's my new baby,the drive the look the feel the safety and the mpg,"none don't change a thing please, it's a great sport and family car "
4.875,I'm in love with this vehicle!,Anthony ,03/26/2010,,,5,5,5,5,,5,5,4,5,"Purchased the vehicle used first week of March. 46,800 miles at purchase.  So far I have put about 750 miles on the vehicle and I have to say - I love this car after only owning it for 3 weeks.  One word of warning - if you're single and have a computer building background, this car may make you want to customize or ""tune"" it to at least an extent. ",Sexy & FUN-2-DRIVE! - Awesome pickup for a I4. Steering feels like your one with the car. ABS & TCS. 30 second auto- locks a good feature. Safe (5* front 5* side impact tests.) INGENIOUS shifting pattern on the manumatic - putting neutral right above drive and offsetting Reverse to the upper right.,Gas mileage could be better - but fair for the power. Averaging 24.1 MPG 50% CTY 50% HWY over 2 fill-ups. Performance all-weather tires included have mediocre traction in snow. Expensive to install aftermarket radio.
4.125,So Good,Alex from WV ,03/21/2010,,,4,4,5,4,,4,4,3,5,I love my mazda6. It is so fun to drive but yet it is comfortable. They had the grey which turned to have a periwinkle hint in it. That's my only complaint. Besides that it is the best car I have ever had. ,"Lots of features, fun to drive, comfortable, only $10000 for an 08, love the color inside ",Make the grey outside a little less purple 
4.625,Saved our lives,Seal ,02/12/2010,,,5,4,5,5,,5,4,4,5,"The only thing I want to say in this review is that I was traveling 75mph Eastbound on I-10 out of Texas and had an incident in which I sideswiped a guard rail and it sent me into a skid into the guardrail on the opposite side of the road on an overpass.  The car was totaled and the car was demolished.  The engine and transmission was ripped from the car as we rolled onto the roof.  My wife and I walked away with bumps and scratches, and dirty drawers, but the vehicle saved our lives.  The cabin remained intact, and we walked away.  Kudos on crash impact for this vehicle.  We just purchased the exact same car ;)","Sporty looks, great handling, wonderful structure for flipping on to it's top.",Antigravity stabilizers.
5,So Thankful it WAS a Mazda!,Robin ,11/20/2009,,,5,5,5,5,,5,5,5,5,WAS a beautiful car.  Until.... the accident which I believe saved my daughters life!  Rolled a couple of times and did not crush the roof to the seats!!! Was totally amazed! THANK YOU! I will buy another one!!,Like them all.,None to think of 
3.875,Pretty good......,Rich ,09/21/2009,,,4,5,3,4,,3,4,4,4,"I like my Mazda. Bought it new, and now at 14k miles, having some problems. Warped front rotors, squeaking belts, steering clunk, transmission hesitant to go in gear from reverse to drive. The clunk happens mostly at low speeds, and comes from the passenger front. The tranny problem is not too good. It goes into gear when it is good and ready. It is a fun car to drive (handling) but the auto trans seems to always try to be in top gear so I am turning fewer revs. Do I really need to be in 5th gear while driving 35, turning 1800 revs? That's why I usually go 'manual' around town. It shifts to higher gears too quickly.","Handles great, looks good, A/C is pretty strong, stereo is ok for stock, seats are very comfy, red dash at night is easy on the eyes.","Taking her to the dealer to resolve above mentioned issues, 21mpg for a 2.3L 4 cylinder is not great. I am sure a lot of little things got worked out on the 2009."
5,Pure Adrenalin!,Walter from Texas ,09/02/2009,,,5,5,5,5,,5,5,5,5,"This is my 2nd review for this car.  Its been great, the engine is smooth and responsive.  The car remains a blast to drive.  The 2.3 liter is responsive and economical.  I am averaging around 25 mpg in mixed city and highway driving and 29.5 mpg on an 800 mile trip.  You will not win any races at the stoplight against a Mustang GT, but on the highway is where this car really shines.  I find myself looking for roads with alot of curves.  This car takes corners like its on rails.  I have also found myself, many times driving on triple digits, without realizing it.  Comfort, speed, fun, economy and pure adrenalin, all rolled up into one.","Seat comfort, economy, handling, looks inside and out....",Nothing that I can think of....
5,Durability,kjmilow ,07/17/2009,,,5,5,5,5,,5,5,5,5,"Durability & Fun to drive.  I have driven Mazda for over 20 years, GLC's, ( go like crazy ), 626's and now a Mazda 6 my last new car. They have all gone over 200,000 with minimum care & maintenance. I'm taking better care of this one since it is supposed to last until I die and I am only 62. A healthy 62 I might add. ",,
4.875,Mazda6 Review,Erik ,07/05/2009,,,5,5,5,5,,5,5,4,5,"Pros: Fun to drive, CD player is sick, good pickup, good value, looks hot  Cons: not very spacious, fuel economy is only okay",,
5,"Japanese BMW, they werent kidding !!!",Rored ,06/13/2009,,,5,5,5,5,,5,5,5,5,"This is my first brand new car, I first drove a rental from Hertz and was impressed. The car has met and exceeded my expectations, I've put on 24,000 miles and the car still drives like brand new, I've driven cross country, in snow, on country roads, the car has never failed my expectations. The interior is classy, bose, sirius, and the controls are superb, I would take this anyday over the 2009. Th dealership and follow up experience was excellent, I dont think I could have asked for anything better for value.  If there are any left and you are looking for a 4 door, this is the one to buy !!! ","The automatic Ac, the bose speakers, the soft red glow.",
4.875,This Car Is A Winner,Joe ,05/29/2009,,,5,5,5,5,,5,5,4,5,"I picked up a 2008 Mazda6 last week. The car is an absolute hoot to drive. I was driving a Pontiac Grand Am before and there is no comparison. The Mazda6 is lightweight, handles superbly and is FAST for a 4-cylinder. The manual capability on the automatic transmission is nice and I've used it a couple of times to downshift for passing, etc.  The interior seems to be laid out well and it has some quality to it. I'm disappointed that an AUX plug for my iPod didn't come with it. But, the Value Edition does have an in-dash 6 CD changer and so I've just burned a bunch of CDs in iTunes and I'll listen to my music that way. Gas mileage seems to be average.  Definitely consider this car!","CD changer, power options, manual capability on automatic transmission.",AUX plug-in.
4.75,WOW!,jlynreid ,05/27/2009,,,5,5,5,4,,5,5,4,5,"While it may be a bit premature having just bought the car a week ago... but WOW is all I can think to say. Beautiful on the inside & out. Comfortable, roomy, classy, smooth ride... everything within reach. I researched cars for 2 months prior before finally 'settling' on the Mazda 6 & fell in love as soon as I got in. Drives as beautifully as the Volvo S40. 24.5 miles per gallon (city) & Miami traffic is constant stop & go. I'm completely impressed with this car. I love it!","audio control on the steering wheel, choice between automatic or manual, smooth ride, awesome handling in the rain, superb sound system... the list goes on",auto locking doors! wish it came with a valet key also to carry around when I'm out... the key is very large & costly to replace.. $190. YIKES!
4.125,"Great fun car, but scary to drive @times",hp ,05/03/2009,,,5,5,5,5,,2,4,4,3,"I bought this car in 12/2008; I sold it in less than 6 months.  The car handles great, pickup is ok; but when there's even little snow on the street; if its raining or if there are potholes and you're going over 45mph; it seems like you're drifting.   Imagine if you driving a semitruck and on every bump you noticed the trailer wavering. Its not as bad as that but close.  I didn't feel safe driving it.  Since I bought this car, I have heard the same compliant from other people I've met with a Mazda 6 and today for the first time someone with a Mazda 3 mentioned the same thing.  When I bought the car, people were raving.  ",Stereo can get quite loud Handles great on turns,Figure out this drifting issue. 
4.625,Love my 6,Michele ,04/01/2009,,,4,5,5,5,,5,5,3,5,I love my car! My previous car was a Mazda Millenia (which I loved) so when I started looking for a new used car I kept coming back to the Mazda 6. The drivers seat is very comfortable. I love the controls on the steering wheel. This car ia a joy to drive and beautiful to look at! I love the body style of the 2008 over the 2009 (and it's competitors). My only complaint was the same with my Millenia - Mazda please make the turn radius on your cars tighter! If you have to do a U turn in a tight space it will turn into a 3 point turn. Other than that this car rocks!!!!!!!,"Body style, handling, interior comfort","gas mileage performance, turning radius for tight turns"
4.75,MY ZOOM ZOOM,BF ,02/25/2009,,,5,5,5,5,,5,5,3,5,"I have this car 6 month 8500 miles and still love it. I have owned 15 new cars in my life and this holds 2nd place as my favorite. 1990 Chevy Lumina Euro holds first place. Great car fun,fun,fun for a 4 door family car. Being a 38 year old guy with 2 kids and a wife it fits the bill. Wife drives a crossover. Glad to buy the 2008 and save big$$$. No problems, no complaints. Good room in front looks great. I have to recommend putting on a spoiler it changes the whole look of the car. The Zoom Zoom makes it happen, go Mazda",,"I-pod jack, now in 2009 car..auto locking doors also in 2009"
4.5,Zoom. Zoom.,Jacob ,02/23/2009,,,5,5,5,4,,4,4,4,5,"The car is awesome. I've had it for about a month and have had no problems yet. I bought it used with about 8500 miles. It has good engine performance as well as pretty tight handling. The 6-disc cd changer is nice and the sound system is okay (its no bose, but not bad). Overall its a good, reliable car to get around town.","6-disc cd changer, comfortable seats, decent sound",Audio input for iPod or MP3 player.
4.5,One week with new car,Walter ,02/10/2009,,,5,5,4,4,,4,5,4,5,"I have only had the Mazda6 for one week.  t he exceleration is just about what I expect from the 4 cylinder engine.  The engine is smooth in daily driving.  you do notice the engine on exceleration, but it is not taxing our too intruding.  I like the red colored gauges at night.  I like the radio controls on the steering wheel.  The 5 speed automatic transmission  is smooth, but I particularly like being able to shift it manually if I wanted.  the wear seats are roomy.  I have good room in the drivers seat.  The drivers seat is easy to adjust for comfort.  The wear seats are roomy anough, although I will be driving up front.  Highway driving is a breeze. ","Drivers seat comfort, red color gauges at night, front and wear seat room, great sounding radio, great handling, good ride comfort.  Gas mileage is great so far.  120 miles on a 1/4 tank of gas. ",More power from the 2.3 liter motor.
4.75,Great value to car ratio,TinTin ,02/03/2009,,,5,5,5,5,,4,5,4,5,"It made a few squeaks on the passenger front fender at first, but Royal Moore fixed it without questions or charge. Herzog-Meier made some fake warranty of 100 miles or less so I couldn't take it to them. Fuel economy could be better, but when you put the pedal to the metal, it shows its real performance. Flawless control at high speeds, like the car was a part of your own body. Sportiest looking sedan I could find.","Exterior, projector headlights, altezza tail lights, glossy interior, handling, comfortable ride, Sportronic manual shift, power everything.",Better fuel efficiency
4.625,Excellent Car! Zoom Zoom!,Charlie ,01/31/2009,,,5,5,5,4,,5,5,3,5,This car drives and looks like a champ. The interior quality is good and body style looks great! It picks up pretty good for a 2.3 4 cylinder. Has better standard features than other competitors. You cant go wrong with the Mazda 6.  ,"6 disc changer, dual exhaust, interior quality, steering wheel audio controls. Tiptronic. ",None
5,Luv it!,Sarah ,01/16/2009,,,5,5,5,5,,5,5,5,5,I just bought my car yesterday after doing lots of research and I don't regret it.  Buying a used 08 with low mileage fully loaded was a much better deal than getting a new 09 base model. The 08 is more fun to drive and it feels very sporty. Plus it has better gas mileage than the 09. ,"volume control on steering wheel, the leather steering wheel and shifter, fast acceleration, large trunk, and lots of space for my friends",the shifting could be smoother but I guess that's the sport part of it ;)
4.875,Sports car handling with a pratical side,KF ,01/14/2009,,,5,5,5,5,,5,5,4,5,"If you're looking for something with great visual appeal and that's more fun-to-drive than any other mid-sized sedan in this segment, this is your car.  Best of all, the hatchback design looks great while offering more cargo space than any other vehicle in this class.  I've driven this vehicle over 10,000 miles since new and have had no mechanical problems (though the roof liner sagged slightly on driver's side, but was replaced at no charge).  Really a driver's car; some might find the seating a bit tight, esp. in the back (compared to other sedans), but not a problem for me.  I still look for any excuse to drive this car!",Exterior and interior design.  Hatchback design has amazing cargo capacity (and looks better than the sedan).  Best handling in this price range. Bose stereo. Electroluminescent gauges.,"An iPod/MP3 input should be standard (optional iPod adapter doesn't allow full functionality). One-touch power roof mechanism needed.  Black interior looks great but shows scuffs, etc.  Otherwise, no complaints!!"
5,Glad I got rid of the SUV!,KK ,10/09/2008,,,5,5,5,5,,5,5,5,5,"I LOVE this car!!! I have been an SUV driver for 10 years now and was feeling the crunch at the pump. It has been a little weird switching to a car, but I forget about that instantly when I'm hugging turns and driving this thing like it's on rails. I bought the car on the 30th and a week and a half later I have only gone through 1/4 of a tank!!yeah! Anyone who is in a SUV ditch it, the car is a lot more fun!","The exterior sportiness (looks more expensive than it is), keyless trunk release, controls on steering wheel! Love how it handles on the road and was impressed with the trunk space.","Don't really like the red lighting in the car, but I am getting used to it. I hate that the sunroof won't automatically go back. You have to do it manually and close it. Total pain. And black on black is a pain to keep clean but I'll deal."
4,Brakes,annoyed ,09/13/2008,,,3,4,3,5,,3,4,5,5,"This is my second  6. I had a 2006 Mazda 6 and recently purchased a 2008 6. I have just 2,000 miles and once AGAIN, my brakes are shuttering and pulsating and my steering wheel has vibration from the brakes.I had the same issue with my 2006. Now I have to again bring the car in to be checked. The only concern is after I repaired the 2006, new brakes, rotors, I had to after, 1,500 miles have the new rotors re-surfaced! I am hoping I do not have the same issue all over. Mazda needs to fix this problem! I do not think I will purchase another Mazda. This is a pain, to say the least, also quite expensive to repair.",Body style,Sound system needs improvement. More pick up regarding speed.
4.875,Great value,Byron Holt ,09/04/2008,,,5,5,5,5,,4,5,5,5,"I love my car. It has almost all of the options I wanted in a car. I like the appearance of the car far more than the new 09 Mazda 6, even thought it is a bit more powerful. I chose this car over the Camry, Altima, Accord and a few other midsize sedans. ","I love the black on black interior, even though it is a nightmare to keep clean. The 6 CD changer, the optional shifter and the handling is the best I've ever had a chance to witness. The car really is fun to drive and pretty smooth.","I really wish the car had an input for a MP3 player, this really bummed me out. A little more horsepower."
4.125,Protege ES replacement,badger_mazdaman ,09/04/2008,,,3,5,4,5,,4,4,4,4,"Had owned a 2002 Mazda Protege ES. That car was such a well controlled handler, but was starting to get too punishing on midwestern roads hammered by a hard winter. The 08 Mazda6 is almost as fun to whip around as the Protege, but a much easier car to live with - better balance between fun and comfort. But of course handling still beats the pants off an Accord or (yawn) Camry! Size was just-right for me, and comfy enough in back that I don't feel guilty putting passengers back there like I used to.","Handling, handling, handling!! Without killing you. Feature content was great for price.  I like a snug cockpit (others might not).","Fuel economy: but having a manual allows me to drive like a racecar when wanted, or like a miser when wanted. Upper back support of the seat was crappy - I had to make a foam cushion to make it comfy for both long drives or hard cornering. Brake pedal is also a tad too close to seat."
4.875,I like it,Rob Ovel ,08/16/2008,,,5,5,4,5,,5,5,5,5,"I didn't fall in love with it until they pulled it up for me at the dealership.  Got almost 31 mpg on a 5 hour drive to KC which shocked me.  CEL came on, dealership reset w/o problem.  Dashboard can easily be seen during day.  I think people are driving with their headlights on which does dim the radio lights but you have to roll the knob on the dash up and it shows up, just as bright as at night.  Turning radius is not the greatest.  Kind of expecting one more turn of the wheel and then it stops.  Very hollow sound on the roof during rain and driving through puddles.  Interior's nice and I love being able to close a vent and not have air continue to blow out.  ","Radio controls on steering wheel.  If I only had a mute button for the kids in the back seat.  Sunroof, silver exterior, black interior, quiet ride even with sunroof cracked.",You've got to give me auto locks!  Needs to display mpg as well.  Improve turning radius.  A little more power.  Paint on grill chips a little too easy.  Have the engine fail to turn over whenever my wife tries to drive it.  She never puts the seat back!  And don't get me started on her driving!
4.875,WOW!!!,Jim ,08/15/2008,,,5,5,5,5,,5,5,4,5,....and I thought you had to buy a GM car to get such a soft ride. Superb handling. Smooth acceleration with the V6. Now I get the Zoom Zoom thing. Great driving experience. Not one rattle so far. What a car!!,"Bose, leather, moonroof, V6 power, steering wheel controls, multiple disc CD player, roominess & storage in the hatchback, and a great sounding horn.",It needs Bluetooth & better gas mileage.
5,More trunk room than my '01 Maxima!,John Wilson ,07/07/2008,,,5,5,5,5,,5,5,5,5,Two months into this car with a little over 4200 miles on the odometer.  Only negative was a bad AC compressor at 2k miles but was fixed within 4 hours.   Car drives and rides nice with plenty of room for the family including the boys baseball gear and a couple of chairs.  I was looking at used Pontiac G6s when I found this one and couldn't be happier.  Average mileage with 5 speed with mostly city driving is a low of 25 mpg and a high of 29 mpg so far with things only looking better as the car gets more broken in.  So much better than the Maxima at 19 - 23 mpg which also asked for premium fuel.   VERY happy with my new MAZDA6! ,Gas mileage. Comfort. Smooth shifting manual transmission. Cloth interior is of good quality and very comfortable.   ,Paint chips easily - better clear coat needed.  Floor mats are starting to show wear already.  Bought all-weather Mazda mats but should come standard.   better insulation in floor and ceiling. When it rains it sounds very hollow in the roof area.  Spin on oil filter instead of canister filter.
4.75,Great car for the money,zoomzoom84 ,06/19/2008,,,5,5,5,5,,4,5,5,4,"The Value Edition comes very noticeable and usable features such as a power front driver seat, 6 cd changer, and 17"" alloys. This immediately puts the Mazda above many of its 4 cylinder competitors. The ride is smooth, the seats are great for sitting in traffic and long road trips, and I've averaged between 28-32 MPG for mixed driving! The styling is very trendy and the black casing for the tailights and headlights make it look extra sporty! This car is perfect for both commuting to/from work and for cruising around the city. The 5 speed manual shifts smoothly out of 1st and you can really feel the power at the top of 2nd and throughout 3rd. Engine is powerful enough for a 2.3L, 4 cylinder.","The multi-function steering wheel allows you to switch between different audio modes, volume, tracks, and there's a mute button! All very cool. The sound system thumps pretty loud for some stock speakers! Also, the backseat is spacious for a couple of buddies and the trunk could probably fit 2 more!","The turning radius on this car is horrible. Making a U-turn onto a two lane road requires effort and it has sometimes required a 3 point turn if the turn is miscalculated. Also, when you steer the wheel to the extreme left or right, you really feel the car start to squeak."
4.875,Fun little car to drive,Padre52 ,06/08/2008,,,4,5,5,5,,5,5,5,5,"Love the mileage & performance of my new mazda 6 with the 2.3 4cyl. Very comfortable to drive, I drive nearly 200 miles per day. My one complaint is the red lighting and location of clock, radio station info, if the sun is shining through the windshield you can't see any of the information. Miss the automatic door-locks and headlights from my previous vehicle.",Bose stero system.,"Get rid of the red instrument lighting. Reposition the angle or add visor at top of clock, radio information center to be able to see it better in daytime driving."
4.125,Great choice,Rich ,06/06/2008,,,4,4,4,4,,3,4,5,5,"Feeling the gas price crunch, I had to look at getting rid of my FX35 and get something with mileage. Looked at Accord, Camry, Altima, Fusion, Malibu, and finally came across Mazda. This is a fun car to drive, the steering is a little overboosted, but great mileage (avg 24mpg mixed), good brakes, comfortable, but a little sluggish. Feels lighter and smaller than it is. Glad I bought it, and saving lots of money each month!","Styling, seats are comfy, base stereo is adequate, steering response.","Back seat a little tight, sluggish off the line, but then I have been driving a 300hp SUV for 2 years. I need an adjustment period."
4.625,Greatest Deal Ever!!,sanfranchinaman ,05/22/2008,,,5,5,5,5,,4,4,4,5,"Car is beautifully equipped with Value Edition that includes alloys, 50 series Michelins, 6-cd changer, ABS, traction control, tire pressure monitoring system, split fold down rear seat, power w/dl,dual tip exhaust, and a sporty look.",Looks and drivability.  The low profile 50 series Michelins provide good cornering and performance.  Audio system appears to be very good. Like the 8-way power driver's seat and sufficient rear passenger leg room. The 18 gallon tank will provide >500 miles on the highway for trips to Yosemite.,Most new cars provide auto door locks once the vehicle has been put into gear.  This should be a standard feature for this car. No audio jack for MP3 player is a big omission for this 2008 model for Mazda.
4.5,Really Like It!!,Go Mazda Go! ,05/21/2008,,,5,5,5,5,,3,4,4,5,"Just bought a Mazda6, went from a Acura TL 2004 to this but gas prices were killing me, I do miss the power of the TL's V6 but this Mazda6 is really good looking and gives me a very decent mileage. I love the black on black combination. I was surprised at the quality of the cloth material used in the seats. I compared to the Camry and even though the Camry its bigger with a more powerful engine and better gas mileage the pricing factor makes the Mazda a better deal, I bought mine for 16,200 and it comes with 6 discs cd changer, 17 inches rims with michelin tires, dual exhaust system, well it is pretty loaded and for 16,200 WOW!!","CD changer, dual exhaust, black on black combination, leather wrapped steering wheel and shift knob","Better engine, more horsepower with more miles per gallon."
4.125,3 Months later,Robert145 ,05/14/2008,,,4,4,4,4,,4,5,4,4,I'm enjoying the car. I did notice that it does not have a good tight turning radius. I have been on the highways somewhat. Very quiet comfortable ride. The glove box is small. I miss the compass on the rear view mirror.,"Nothing special. I would like a subtle sound that lets you know the car is locked. The only way you know is to watch the parking lamps blink once. If you do it twice, you get the horn and at 5AM, I'd rather not do that.","A better turning radius. When you push auto on the climate control, the A/C automatically comes on even if you have the thermostat set to 75Â° - then you have to turn off the A/C manually every time. It gets annoying."
4.875,Couldn't be any happier,Brian ,05/10/2008,,,5,5,5,5,,5,5,4,5,"I purchased my '08 Mazda6 GTS within the last few weeks; I took delivery on Saturday 5/3. This car flies down the road without even noticing it. In addition, I tell people it is like you are floating and not even driving cause of how amazing the ride is. On the GT it has the ""cockpit red"" for all the gauges and readouts which keeps things clear and easy on the eyes, esp at night. The Bose sound system is ridiculous which definitely gets people's attention when driving with the windows down. The leather seats are very comfortable and you can sit in them for a prolonged time without aching or stiffening up. The HID headlights are awesome for night driving clearly lighting up the road.","For all the research and time I took for my new car purchase, this was worth it like I can't believe. I love the entire car and everything in it so I don't have ""favorite features.""","Memory control for front seats, built-in iPod hookup, center console lid to hide the cup-holders when not in use."
4.25,Disappointed,dyna ,05/09/2008,,,4,4,4,4,,4,5,4,5,"Actually, this probably isn't a bad little car. The problem may be that I'm comparing it to my previous car, a Saab 9-3, which cost the SAME amount of money to lease as the Mazda! I guess I didn't appreciate it's turbo engine and excellent gas mileage while I had it. I'm certainly feeling like I'm getting less for the same price. The Mazda's a ""cute"" car, but not overly impressive for the price. It's slow on the uptake, but rides nicely once it gets going.  The seats are comfy and it definitely is a fun car to drive. The dash, however, looks like what it is, cheap plastic. Frankly, I'm having ""leaser's remorse"".  Unfortunately I have another 3 years in this car.",I love the Bose Sound System and the mute button on the steering wheel.  Vision out the front window is great.,"Automatic power door locks! Also, the stereo system doesn't have text, showing the song title and artist.  The automatic headlights really aren't automatic...just on all of the time.  A more colorful dash (less bright red) would be great."
4.25,Great Car for the $,1RADDAD ,05/09/2008,,,4,5,4,5,,4,3,4,5,Great Car Black on Black,Exterior appearance/styling,Doors should auto lock when driving and could use the modern day fuel mileage remaining readout.
4.125,Owned almost 3 weeks,Mary Lou ,05/02/2008,,,3,4,4,5,,4,4,4,5,"So far I like the car, very sporty. Rides and handles nice, good pick up for a 4 cylinder. Good visibility, no obstructions, can see very well even with spoiler.","I like the wheels, power mirrors, 6 disc CD changer and nice size glove box. Also the controls on the steering wheel are convenient. The temperature indicator and compass is neat too.","Would like auto locks, I'm used to the doors locking upon entry. Also a larger sunroof that opens wider.  I'd like to have power seats on passenger side too. Would change position of headrests, they hit the back of my head. Driver's side can be adjusted by moving seat back but not passenger side."
3.5,Fun to Drive and Good Value,CCD ,05/01/2008,,,3,4,3,3,,4,3,3,5,"The Mazda6 is an excellent value.  I bought the car loaded with everything except nav.  Yet the car still lacks an upscale feel. The real appeal of this car is the handling which is outstanding for this type of car and the versatility of the hatch.  With a more powerful motor, this car could have been exceptional.  With the 6 cylinder engine, it is just a lot of fun to drive.  A bigger motor would have really given the car a strong identity.",Hatch back and handling.,More power!
4.625,One Day Old,Suzanne ,04/22/2008,,,5,4,5,5,,5,5,4,4,"Just traded in my V6 Grand Am GT gas hog for a 2008 6I Sport Value Sedan.  So far so good! Body styles are very similar. I like the sporty sedan style, but need ample backseat room for a carseat and passengers. I like the dash setup and there is still storage for my car clutter. My very favorite perk is the remote start, which works even from inside my office, =>100 ft away! Haven't decided whether or not I really love the VERY quiet engine (the vvrroooommm of a V6 is a beautiful thing!); the pickup is pretty good for a V4. Most of my miles are highway, so I'm looking forward to not having to visit the gas station so often. This isn't so much a 'fun' car; I'll leave that to my Jeep Wrangler!","The 8-way power drivers seat, 6 CD changer, ample backseats, and ambient temp reading is great! My husband was glad to see me in a car with side bags/curtains. I love the sporty look; I wouldn't be caught in a car designed for 'soccer moms' (although this car would do very nicely for them as well!)","Running lights. Fog lights. Automatic door locks. Jack for iPod (like the Mazda 3i). Redesign the key (way too big/heavy). Include a valet key. I know Sirius&XM are merging, but my account was already with XM--give me a choice. Sirius radio is not intuitive; the Sirius info button is hard to reach."
4.375,Nice Car for the money,raddad2 ,03/27/2008,,,4,5,5,5,,4,4,4,4,"I just bought the 6-Sport Value edition.  I really like the car's exterior appearance.  Mine is black with the rear spoiler.  Interior is nice but not overwhelming.  I did not look at the upgraded models so I don't want to rate the interior too much since mine is pretty much just standard equipment but is still comfortable enough for the daily commute.  The sunroof is nice but not really needed much in Seattle area.  The drive is nice even with the small 4 cyl. 2.3 lt. engine, smooth shifting and gets up to speed just fine.  Headroom is a little tight if your a taller person and rear seat area is a little cramped but is fine for a family with two young children.  Fun to drive... zoom-zoom!",Sporty exterior including headlight assembly.  In dash 6 CD changer and power sunroof are nice features.  Overall driving experience is fun.,"I own two Mazdas, the '08 6 and a '07 CX9 neither have the automatic locking doors or a meter for fuel telling you how many miles there are left in the tank like my previous two vehicles that were 6 and 7 years older.  Fuel economy is good but not as good as I had expected from either Mazda."
5,2008 Mazda 6i Grand Touring,Robert145 ,02/28/2008,,,5,5,5,5,,5,5,5,5,"So far, so good. I've only driven it about 600 mi. but according to my numbers, I'm getting more like 27 mpg around town. I have tested it at 1/4 tank and 1/2 tank. Being an 18 gal. tank, I'm averaging 500 mi. per tank. I haven't had the car on the highway yet. Time will tell. The car is very responsive and fun to drive. Very comfortable to drive. The 8 way drivers seat offers good adjustments. I'm 6'1"" tall with long legs. Plenty of room.","I went for the 6i Grand Touring simply because it had all the options, except for the GPS which I didnt want for $2,000. Their website showed a digital compass on the rear view mirror but was not included in the actual car.",None so far.
5,What a Ride!!,Kathy ,02/22/2008,,,5,5,5,5,,5,5,5,5,"I've had my Mazda6 for a week and I absolutely LOVE it!  It handles well, it's quiet and my blended gas mileage for the first tank was 26 mpg.  The heater works great, too!!  I had an Acura Integra, but had to ""grow up"" a little bit.  The Mazda6 was the right choice for me because I now have an automatic instead of a stick and can actually get more than 2 people in my car comfortably!  It looks great, too!","Remote keyless entry, audio controls in the steering wheel, sharp styling, gas mileage.","Need a dome light somewhere in the back seat - with my black interior (which I love), it's very dark in the back seat at night when I'm getting my briefcase and other things out of the car."
4.875,Absolutely love it,Favorite car ,12/09/2007,,,5,5,5,5,,5,5,4,5,"My Mazda 6 is the most fun car I have ever had. The 5 speed manual paired with the torquey V6 makes the car a dream to drive, but is not to overbearing to the point you can't use it as a family car. It is very roomy inside, plenty of room for kids in the back, and the trunk is vast. Could use just a little more in the way of economy though. Otherwise a phenomenal car!",Exterior and interior aesthetics are great. Looks great inside and out. 5 speed manual is so much fun. ,Maybe come out with a multi-displacement engine?
4.875,My first Mazda purchase,My first Mazda ,10/23/2007,,,5,5,5,5,,5,5,4,5,"The V6 is the only engine to get in this car, but Mazda needs to squeeze more mileage out of each gallon of gas, the way Toyota powerplants do. Traction control system is great. Comfortable size car, and agile. Looks great, too. Quality of materials is good and the quality of the finished product is very good.",Grand Touring trim level is more upscale than I expected.  ,"Needs to get more miles out of a gallon of gas. My wife has a new Camry with a bigger and more powerful V6 than this Mazda, and the Camry gets better mileage. "
4.75,Rides like a Lexus,Ride like a lexus ,09/28/2007,,,5,5,5,5,,4,5,4,5,"Awesome car.  It comes standard with dual exhaust and rides like a lexus.  It has all the power I need, with a manual shift option.  Disc brakes on all four wheels are also standard.  I love the way it looks inside and out.  Mine is black with tan interior.  it is fun to drive and for the price, you can't beat it.  The Mazda6 comes standard with 17"" alloy rims .  The mazda is smooth, luxurious, fun drive.  Overall, happy!!!","Dual exhaust give it a real nice smooth ride.  Love the way it looks on the outside and inside.  Love the standard 17"" alloys and 4 wheel disc brakes.  Love the controls on the tilt wheel.  The only thing that I think it could improve on is the sound system.  At high volume it isnt great.",Better sound system.
